Dataset,Model,Languade,LM,No. Layers,Attention Type,No. Heads,Head Dimension,Positional Encoding,Trasnf. Dropout,FC Dropout,Pool Method,Learning Rate,coarse-micro-fuzzy-P,coarse-micro-fuzzy-R,coarse-micro-fuzzy-F1,coarse-micro-strict-P,coarse-micro-strict-R,coarse-micro-strict-F1,fine-micro-fuzzy-P,fine-micro-fuzzy-R,fine-micro-fuzzy-F1,fine-micro-strict-P,fine-micro-strict-R,fine-micro-strict-F1
hipe2020,stacked,english,bert-base-cased,1,transformer,12,128,sin,0.0,0.0,avg,"2,00E-05",0.727,0.727,0.727,0.588,0.588,0.588,0.529,0.529,0.529,0.399,0.399,0.399
hipe2020,stacked,english,bert-base-cased,1,transformer,12,128,sin,0.0,0.0,max,"2,00E-05",0.73,0.73,0.73,0.594,0.594,0.594,0.523,0.523,0.523,0.397,0.397,0.397
hipe2020,stacked,english,bert-base-cased,1,transformer,12,128,sin,0.0,0.0,first,"2,00E-05",0.733,0.733,0.733,0.595,0.595,0.595,0.537,0.537,0.537,0.412,0.412,0.412
hipe2020,stacked,english,bert-base-cased,1,transformer,12,128,sin,0.0,0.0,last,"2,00E-05",0.741,0.741,0.741,0.604,0.604,0.604,0.537,0.537,0.537,0.404,0.404,0.404
hipe2020,stacked,english,bert-base-cased,1,transformer,12,128,sin,0.0,0.1,avg,"2,00E-05",0.728,0.728,0.728,0.591,0.591,0.591,0.519,0.519,0.519,0.386,0.386,0.386
hipe2020,stacked,english,bert-base-cased,1,transformer,12,128,sin,0.0,0.1,max,"2,00E-05",0.746,0.746,0.746,0.612,0.612,0.612,0.552,0.552,0.552,0.415,0.415,0.415
hipe2020,stacked,english,bert-base-cased,1,transformer,12,128,sin,0.0,0.1,first,"2,00E-05",0.7,0.7,0.7,0.556,0.556,0.556,0.498,0.498,0.498,0.372,0.372,0.372
hipe2020,stacked,english,bert-base-cased,1,transformer,12,128,sin,0.0,0.1,last,"2,00E-05",0.739,0.739,0.739,0.598,0.598,0.598,0.536,0.536,0.536,0.399,0.399,0.399
hipe2020,stacked,english,bert-base-cased,1,transformer,12,128,sin,0.0,0.2,avg,"2,00E-05",0.75,0.75,0.75,0.616,0.616,0.616,0.553,0.553,0.553,0.42,0.42,0.42
hipe2020,stacked,english,bert-base-cased,1,transformer,12,128,sin,0.0,0.2,max,"2,00E-05",0.734,0.734,0.734,0.59,0.59,0.59,0.526,0.526,0.526,0.387,0.387,0.387
hipe2020,stacked,english,bert-base-cased,1,transformer,12,128,sin,0.0,0.2,first,"2,00E-05",0.712,0.712,0.712,0.574,0.574,0.574,0.504,0.504,0.504,0.378,0.378,0.378
hipe2020,stacked,english,bert-base-cased,1,transformer,12,128,sin,0.0,0.2,last,"2,00E-05",0.733,0.733,0.733,0.589,0.589,0.589,0.531,0.531,0.531,0.396,0.396,0.396
hipe2020,stacked,english,bert-base-cased,1,transformer,12,128,sin,0.0,0.3,avg,"2,00E-05",0.709,0.709,0.709,0.573,0.573,0.573,0.505,0.505,0.505,0.379,0.379,0.379
hipe2020,stacked,english,bert-base-cased,1,transformer,12,128,sin,0.0,0.3,max,"2,00E-05",0.746,0.746,0.746,0.606,0.606,0.606,0.521,0.521,0.521,0.386,0.386,0.386
hipe2020,stacked,english,bert-base-cased,1,transformer,12,128,sin,0.0,0.3,first,"2,00E-05",0.705,0.705,0.705,0.563,0.563,0.563,0.493,0.493,0.493,0.366,0.366,0.366
hipe2020,stacked,english,bert-base-cased,1,transformer,12,128,sin,0.0,0.3,last,"2,00E-05",0.731,0.731,0.731,0.59,0.59,0.59,0.535,0.535,0.535,0.406,0.406,0.406
hipe2020,stacked,english,bert-base-cased,1,transformer,12,128,sin,0.0,0.4,avg,"2,00E-05",0.746,0.746,0.746,0.611,0.611,0.611,0.557,0.557,0.557,0.416,0.416,0.416
hipe2020,stacked,english,bert-base-cased,1,transformer,12,128,sin,0.0,0.4,max,"2,00E-05",0.748,0.748,0.748,0.615,0.615,0.615,0.55,0.55,0.55,0.415,0.415,0.415
hipe2020,stacked,english,bert-base-cased,1,transformer,12,128,sin,0.0,0.4,first,"2,00E-05",0.71,0.71,0.71,0.571,0.571,0.571,0.506,0.506,0.506,0.379,0.379,0.379
hipe2020,stacked,english,bert-base-cased,1,transformer,12,128,sin,0.0,0.4,last,"2,00E-05",0.737,0.737,0.737,0.595,0.595,0.595,0.537,0.537,0.537,0.394,0.394,0.394
hipe2020,stacked,english,bert-base-cased,1,transformer,12,128,sin,0.0,0.5,avg,"2,00E-05",0.752,0.752,0.752,0.617,0.617,0.617,0.551,0.551,0.551,0.416,0.416,0.416
hipe2020,stacked,english,bert-base-cased,1,transformer,12,128,sin,0.0,0.5,max,"2,00E-05",0.731,0.731,0.731,0.592,0.592,0.592,0.519,0.519,0.519,0.385,0.385,0.385
hipe2020,stacked,english,bert-base-cased,1,transformer,12,128,sin,0.0,0.5,first,"2,00E-05",0.71,0.71,0.71,0.572,0.572,0.572,0.521,0.521,0.521,0.394,0.394,0.394
hipe2020,stacked,english,bert-base-cased,1,transformer,12,128,sin,0.0,0.5,last,"2,00E-05",0.726,0.726,0.726,0.582,0.582,0.582,0.533,0.533,0.533,0.388,0.388,0.388
hipe2020,stacked,english,bert-base-cased,1,transformer,12,128,sin,0.1,0.0,avg,"2,00E-05",0.743,0.743,0.743,0.608,0.608,0.608,0.556,0.556,0.556,0.417,0.417,0.417
hipe2020,stacked,english,bert-base-cased,1,transformer,12,128,sin,0.1,0.0,max,"2,00E-05",0.734,0.734,0.734,0.601,0.601,0.601,0.527,0.527,0.527,0.393,0.393,0.393
hipe2020,stacked,english,bert-base-cased,1,transformer,12,128,sin,0.1,0.0,first,"2,00E-05",0.726,0.726,0.726,0.588,0.588,0.588,0.535,0.535,0.535,0.402,0.402,0.402
hipe2020,stacked,english,bert-base-cased,1,transformer,12,128,sin,0.1,0.0,last,"2,00E-05",0.736,0.736,0.736,0.594,0.594,0.594,0.53,0.53,0.53,0.4,0.4,0.4
hipe2020,stacked,english,bert-base-cased,1,transformer,12,128,sin,0.1,0.1,avg,"2,00E-05",0.719,0.719,0.719,0.584,0.584,0.584,0.516,0.516,0.516,0.383,0.383,0.383
hipe2020,stacked,english,bert-base-cased,1,transformer,12,128,sin,0.1,0.1,max,"2,00E-05",0.733,0.733,0.733,0.589,0.589,0.589,0.527,0.527,0.527,0.392,0.392,0.392
hipe2020,stacked,english,bert-base-cased,1,transformer,12,128,sin,0.1,0.1,first,"2,00E-05",0.728,0.728,0.728,0.596,0.596,0.596,0.538,0.538,0.538,0.411,0.411,0.411
hipe2020,stacked,english,bert-base-cased,1,transformer,12,128,sin,0.1,0.1,last,"2,00E-05",0.74,0.74,0.74,0.598,0.598,0.598,0.537,0.537,0.537,0.399,0.399,0.399
hipe2020,stacked,english,bert-base-cased,1,transformer,12,128,sin,0.1,0.2,avg,"2,00E-05",0.746,0.746,0.746,0.609,0.609,0.609,0.539,0.539,0.539,0.405,0.405,0.405
hipe2020,stacked,english,bert-base-cased,1,transformer,12,128,sin,0.1,0.2,max,"2,00E-05",0.736,0.736,0.736,0.595,0.595,0.595,0.517,0.517,0.517,0.387,0.387,0.387
hipe2020,stacked,english,bert-base-cased,1,transformer,12,128,sin,0.1,0.2,first,"2,00E-05",0.702,0.702,0.702,0.57,0.57,0.57,0.5,0.5,0.5,0.379,0.379,0.379
hipe2020,stacked,english,bert-base-cased,1,transformer,12,128,sin,0.1,0.2,last,"2,00E-05",0.738,0.738,0.738,0.601,0.601,0.601,0.535,0.535,0.535,0.402,0.402,0.402
hipe2020,stacked,english,bert-base-cased,1,transformer,12,128,sin,0.1,0.3,avg,"2,00E-05",0.738,0.738,0.738,0.594,0.594,0.594,0.521,0.521,0.521,0.389,0.389,0.389
hipe2020,stacked,english,bert-base-cased,1,transformer,12,128,sin,0.1,0.3,max,"2,00E-05",0.739,0.739,0.739,0.603,0.603,0.603,0.532,0.532,0.532,0.399,0.399,0.399
hipe2020,stacked,english,bert-base-cased,1,transformer,12,128,sin,0.1,0.3,first,"2,00E-05",0.731,0.731,0.731,0.599,0.599,0.599,0.534,0.534,0.534,0.409,0.409,0.409
hipe2020,stacked,english,bert-base-cased,1,transformer,12,128,sin,0.1,0.3,last,"2,00E-05",0.742,0.742,0.742,0.601,0.601,0.601,0.537,0.537,0.537,0.401,0.401,0.401
hipe2020,stacked,english,bert-base-cased,1,transformer,12,128,sin,0.1,0.4,avg,"2,00E-05",0.739,0.739,0.739,0.604,0.604,0.604,0.535,0.535,0.535,0.406,0.406,0.406
hipe2020,stacked,english,bert-base-cased,1,transformer,12,128,sin,0.1,0.4,max,"2,00E-05",0.752,0.752,0.752,0.613,0.613,0.613,0.547,0.547,0.547,0.417,0.417,0.417
hipe2020,stacked,english,bert-base-cased,1,transformer,12,128,sin,0.1,0.4,first,"2,00E-05",0.733,0.733,0.733,0.592,0.592,0.592,0.535,0.535,0.535,0.404,0.404,0.404
hipe2020,stacked,english,bert-base-cased,1,transformer,12,128,sin,0.1,0.4,last,"2,00E-05",0.733,0.733,0.733,0.591,0.591,0.591,0.529,0.529,0.529,0.398,0.398,0.398
hipe2020,stacked,english,bert-base-cased,1,transformer,12,128,sin,0.1,0.5,avg,"2,00E-05",0.749,0.749,0.749,0.608,0.608,0.608,0.547,0.547,0.547,0.407,0.407,0.407
hipe2020,stacked,english,bert-base-cased,1,transformer,12,128,sin,0.1,0.5,max,"2,00E-05",0.744,0.744,0.744,0.602,0.602,0.602,0.531,0.531,0.531,0.396,0.396,0.396
hipe2020,stacked,english,bert-base-cased,1,transformer,12,128,sin,0.1,0.5,first,"2,00E-05",0.734,0.734,0.734,0.597,0.597,0.597,0.505,0.505,0.505,0.381,0.381,0.381
hipe2020,stacked,english,bert-base-cased,1,transformer,12,128,sin,0.1,0.5,last,"2,00E-05",0.733,0.733,0.733,0.589,0.589,0.589,0.533,0.533,0.533,0.398,0.398,0.398
hipe2020,stacked,english,bert-base-cased,1,transformer,12,128,sin,0.2,0.0,avg,"2,00E-05",0.728,0.728,0.728,0.589,0.589,0.589,0.534,0.534,0.534,0.399,0.399,0.399
hipe2020,stacked,english,bert-base-cased,1,transformer,12,128,sin,0.2,0.0,max,"2,00E-05",0.754,0.754,0.754,0.614,0.614,0.614,0.559,0.559,0.559,0.417,0.417,0.417
hipe2020,stacked,english,bert-base-cased,1,transformer,12,128,sin,0.2,0.0,first,"2,00E-05",0.708,0.708,0.708,0.578,0.578,0.578,0.513,0.513,0.513,0.383,0.383,0.383
hipe2020,stacked,english,bert-base-cased,1,transformer,12,128,sin,0.2,0.0,last,"2,00E-05",0.734,0.734,0.734,0.586,0.586,0.586,0.531,0.531,0.531,0.395,0.395,0.395
hipe2020,stacked,english,bert-base-cased,1,transformer,12,128,sin,0.2,0.1,avg,"2,00E-05",0.731,0.731,0.731,0.593,0.593,0.593,0.516,0.516,0.516,0.386,0.386,0.386
hipe2020,stacked,english,bert-base-cased,1,transformer,12,128,sin,0.2,0.1,max,"2,00E-05",0.748,0.748,0.748,0.61,0.61,0.61,0.551,0.551,0.551,0.41,0.41,0.41
hipe2020,stacked,english,bert-base-cased,1,transformer,12,128,sin,0.2,0.1,first,"2,00E-05",0.719,0.719,0.719,0.582,0.582,0.582,0.519,0.519,0.519,0.388,0.388,0.388
hipe2020,stacked,english,bert-base-cased,1,transformer,12,128,sin,0.2,0.1,last,"2,00E-05",0.722,0.722,0.722,0.577,0.577,0.577,0.515,0.515,0.515,0.382,0.382,0.382
hipe2020,stacked,english,bert-base-cased,1,transformer,12,128,sin,0.2,0.2,avg,"2,00E-05",0.744,0.744,0.744,0.61,0.61,0.61,0.553,0.553,0.553,0.42,0.42,0.42
hipe2020,stacked,english,bert-base-cased,1,transformer,12,128,sin,0.2,0.2,max,"2,00E-05",0.728,0.728,0.728,0.59,0.59,0.59,0.523,0.523,0.523,0.396,0.396,0.396
hipe2020,stacked,english,bert-base-cased,1,transformer,12,128,sin,0.2,0.2,first,"2,00E-05",0.711,0.711,0.711,0.577,0.577,0.577,0.511,0.511,0.511,0.384,0.384,0.384
hipe2020,stacked,english,bert-base-cased,1,transformer,12,128,sin,0.2,0.2,last,"2,00E-05",0.743,0.743,0.743,0.595,0.595,0.595,0.533,0.533,0.533,0.403,0.403,0.403
hipe2020,stacked,english,bert-base-cased,1,transformer,12,128,sin,0.2,0.3,avg,"2,00E-05",0.726,0.726,0.726,0.587,0.587,0.587,0.507,0.507,0.507,0.381,0.381,0.381
hipe2020,stacked,english,bert-base-cased,1,transformer,12,128,sin,0.2,0.3,max,"2,00E-05",0.742,0.742,0.742,0.602,0.602,0.602,0.533,0.533,0.533,0.401,0.401,0.401
hipe2020,stacked,english,bert-base-cased,1,transformer,12,128,sin,0.2,0.3,first,"2,00E-05",0.733,0.733,0.733,0.595,0.595,0.595,0.521,0.521,0.521,0.393,0.393,0.393
hipe2020,stacked,english,bert-base-cased,1,transformer,12,128,sin,0.2,0.3,last,"2,00E-05",0.739,0.739,0.739,0.59,0.59,0.59,0.536,0.536,0.536,0.397,0.397,0.397
hipe2020,stacked,english,bert-base-cased,1,transformer,12,128,sin,0.2,0.4,avg,"2,00E-05",0.741,0.741,0.741,0.606,0.606,0.606,0.542,0.542,0.542,0.405,0.405,0.405
hipe2020,stacked,english,bert-base-cased,1,transformer,12,128,sin,0.2,0.4,max,"2,00E-05",0.74,0.74,0.74,0.598,0.598,0.598,0.526,0.526,0.526,0.386,0.386,0.386
hipe2020,stacked,english,bert-base-cased,1,transformer,12,128,sin,0.2,0.4,first,"2,00E-05",0.733,0.733,0.733,0.595,0.595,0.595,0.538,0.538,0.538,0.407,0.407,0.407
hipe2020,stacked,english,bert-base-cased,1,transformer,12,128,sin,0.2,0.4,last,"2,00E-05",0.746,0.746,0.746,0.603,0.603,0.603,0.536,0.536,0.536,0.394,0.394,0.394
hipe2020,stacked,english,bert-base-cased,1,transformer,12,128,sin,0.2,0.5,avg,"2,00E-05",0.717,0.717,0.717,0.581,0.581,0.581,0.52,0.52,0.52,0.39,0.39,0.39
hipe2020,stacked,english,bert-base-cased,1,transformer,12,128,sin,0.2,0.5,max,"2,00E-05",0.747,0.747,0.747,0.607,0.607,0.607,0.537,0.537,0.537,0.4,0.4,0.4
hipe2020,stacked,english,bert-base-cased,1,transformer,12,128,sin,0.2,0.5,first,"2,00E-05",0.733,0.733,0.733,0.597,0.597,0.597,0.54,0.54,0.54,0.408,0.408,0.408
hipe2020,stacked,english,bert-base-cased,1,transformer,12,128,sin,0.2,0.5,last,"2,00E-05",0.718,0.718,0.718,0.574,0.574,0.574,0.505,0.505,0.505,0.37,0.37,0.37
hipe2020,bert,english,bert-base-cased,-,-,-,-,-,-,-,-,"2,00E-05",0.731,0.731,0.731,0.573,0.573,0.573,0.487,0.487,0.487,0.337,0.337,0.337
hipe2020,bert,english,bert-base-french-europeana-cased,-,-,-,-,-,-,-,-,"2,00E-05",0.802,0.802,0.802,0.701,0.701,0.701,0.651,0.651,0.651,0.555,0.555,0.555
hipe2020,bert,english,bert-base-uncased,-,-,-,-,-,-,-,-,"2,00E-05",0.737,0.737,0.737,0.602,0.602,0.602,0.507,0.507,0.507,0.363,0.363,0.363
hipe2020,bert,english,bert-base-multilingual-cased,-,-,-,-,-,-,-,-,"2,00E-05",0.722,0.722,0.722,0.615,0.615,0.615,0.579,0.579,0.579,0.468,0.468,0.468
hipe2020,bert,english,bert-base-historic-multilingual-cased,-,-,-,-,-,-,-,-,"2,00E-05",0.741,0.741,0.741,0.642,0.642,0.642,0.585,0.585,0.585,0.476,0.476,0.476
hipe2020,bert,english,bert-medium-historic-multilingual-cased,-,-,-,-,-,-,-,-,"2,00E-05",0.808,0.808,0.808,0.684,0.684,0.684,0.628,0.628,0.628,0.502,0.502,0.502
hipe2020,bert,french,camembert-base,-,-,-,-,-,-,-,-,"2,00E-05",0.836,0.836,0.836,0.72,0.72,0.72,0.591,0.591,0.591,0.478,0.478,0.478
hipe2020,stacked,english,bert-base-cased,1,transformer,12,128,sin,0.45,0.4,avg,"2,00E-05",0.741,0.741,0.741,0.602,0.602,0.602,0.496,0.496,0.496,0.366,0.366,0.366
hipe2020,stacked,english,bert-base-historic-multilingual-cased,1,transformer,12,128,sin,0.45,0.4,avg,"2,00E-05",0.822,0.822,0.822,0.705,0.705,0.705,0.639,0.639,0.639,0.531,0.531,0.531
hipe2020,stacked,english,bert-base-multilingual-uncased,1,transformer,12,128,sin,0.45,0.4,avg,"2,00E-05",0.812,0.812,0.812,0.695,0.695,0.695,0.672,0.672,0.672,0.557,0.557,0.557
hipe2020,stacked,english,bert-base-cased,1,transformer,12,128,sin,0.45,0.4,max,"2,00E-05",0.728,0.728,0.728,0.594,0.594,0.594,0.514,0.514,0.514,0.379,0.379,0.379
hipe2020,stacked,english,bert-base-historic-multilingual-cased,1,transformer,12,128,sin,0.45,0.4,max,"2,00E-05",0.837,0.837,0.837,0.723,0.723,0.723,0.657,0.657,0.657,0.555,0.555,0.555
hipe2020,stacked,english,bert-base-multilingual-uncased,1,transformer,12,128,sin,0.45,0.4,max,"2,00E-05",0.806,0.806,0.806,0.696,0.696,0.696,0.669,0.669,0.669,0.56,0.56,0.56
hipe2020,stacked,english,bert-base-cased,1,transformer,12,128,sin,0.45,0.4,first,"2,00E-05",0.713,0.713,0.713,0.576,0.576,0.576,0.514,0.514,0.514,0.39,0.39,0.39
hipe2020,stacked,english,bert-base-historic-multilingual-cased,1,transformer,12,128,sin,0.45,0.4,first,"2,00E-05",0.838,0.838,0.838,0.717,0.717,0.717,0.666,0.666,0.666,0.544,0.544,0.544
hipe2020,stacked,english,bert-base-multilingual-uncased,1,transformer,12,128,sin,0.45,0.4,first,"2,00E-05",0.785,0.785,0.785,0.67,0.67,0.67,0.66,0.66,0.66,0.545,0.545,0.545
hipe2020,stacked,english,bert-base-historic-multilingual-cased,1,transformer,12,128,sin,0.45,0.4,last,"2,00E-05",0.801,0.801,0.801,0.692,0.692,0.692,0.631,0.631,0.631,0.522,0.522,0.522
hipe2020,stacked,english,bert-base-cased,1,transformer,12,128,sin,0.45,0.4,last,"2,00E-05",0.732,0.732,0.732,0.593,0.593,0.593,0.535,0.535,0.535,0.397,0.397,0.397
hipe2020,stacked,english,bert-base-multilingual-uncased,1,transformer,12,128,sin,0.45,0.4,last,"2,00E-05",0.809,0.809,0.809,0.705,0.705,0.705,0.675,0.675,0.675,0.554,0.554,0.554
hipe2020,stacked,english,bert-base-historic-multilingual-cased,1,adatrans,12,128,sin,0.45,0.4,avg,"2,00E-05",0.821,0.821,0.821,0.713,0.713,0.713,0.646,0.646,0.646,0.55,0.55,0.55
hipe2020,stacked,english,bert-base-cased,1,adatrans,12,128,sin,0.45,0.4,avg,"2,00E-05",0.761,0.761,0.761,0.622,0.622,0.622,0.573,0.573,0.573,0.442,0.442,0.442
hipe2020,stacked,english,bert-base-multilingual-uncased,1,adatrans,12,128,sin,0.45,0.4,avg,"2,00E-05",0.805,0.805,0.805,0.695,0.695,0.695,0.658,0.658,0.658,0.549,0.549,0.549
hipe2020,stacked,english,bert-base-historic-multilingual-cased,1,adatrans,12,128,sin,0.45,0.4,max,"2,00E-05",0.836,0.836,0.836,0.72,0.72,0.72,0.661,0.661,0.661,0.552,0.552,0.552
hipe2020,stacked,english,bert-base-cased,1,adatrans,12,128,sin,0.45,0.4,max,"2,00E-05",0.768,0.768,0.768,0.635,0.635,0.635,0.564,0.564,0.564,0.436,0.436,0.436
hipe2020,stacked,english,bert-base-multilingual-uncased,1,adatrans,12,128,sin,0.45,0.4,max,"2,00E-05",0.796,0.796,0.796,0.688,0.688,0.688,0.671,0.671,0.671,0.56,0.56,0.56
hipe2020,stacked,english,bert-base-historic-multilingual-cased,1,adatrans,12,128,sin,0.45,0.4,first,"2,00E-05",0.829,0.829,0.829,0.705,0.705,0.705,0.659,0.659,0.659,0.552,0.552,0.552
hipe2020,stacked,english,bert-base-cased,1,adatrans,12,128,sin,0.45,0.4,first,"2,00E-05",0.74,0.74,0.74,0.604,0.604,0.604,0.529,0.529,0.529,0.404,0.404,0.404
hipe2020,stacked,english,bert-base-multilingual-uncased,1,adatrans,12,128,sin,0.45,0.4,first,"2,00E-05",0.794,0.794,0.794,0.675,0.675,0.675,0.654,0.654,0.654,0.542,0.542,0.542
hipe2020,stacked,english,bert-base-historic-multilingual-cased,1,adatrans,12,128,sin,0.45,0.4,last,"2,00E-05",0.824,0.824,0.824,0.716,0.716,0.716,0.638,0.638,0.638,0.539,0.539,0.539
hipe2020,stacked,english,bert-base-cased,1,adatrans,12,128,sin,0.45,0.4,last,"2,00E-05",0.746,0.746,0.746,0.61,0.61,0.61,0.539,0.539,0.539,0.419,0.419,0.419
hipe2020,stacked,english,bert-base-multilingual-uncased,1,adatrans,12,128,sin,0.45,0.4,last,"2,00E-05",0.805,0.805,0.805,0.696,0.696,0.696,0.68,0.68,0.68,0.573,0.573,0.573
hipe2020,stacked,english,bert-base-historic-multilingual-cased,2,transformer,12,128,sin,0.45,0.4,avg,"2,00E-05",0.818,0.818,0.818,0.707,0.707,0.707,0.657,0.657,0.657,0.548,0.548,0.548
hipe2020,stacked,english,bert-base-cased,2,transformer,12,128,sin,0.45,0.4,avg,"2,00E-05",0.737,0.737,0.737,0.6,0.6,0.6,0.54,0.54,0.54,0.407,0.407,0.407
hipe2020,stacked,english,bert-base-multilingual-uncased,2,transformer,12,128,sin,0.45,0.4,avg,"2,00E-05",0.806,0.806,0.806,0.686,0.686,0.686,0.677,0.677,0.677,0.563,0.563,0.563
hipe2020,stacked,english,bert-base-historic-multilingual-cased,2,transformer,12,128,sin,0.45,0.4,max,"2,00E-05",0.826,0.826,0.826,0.713,0.713,0.713,0.653,0.653,0.653,0.551,0.551,0.551
hipe2020,stacked,english,bert-base-cased,2,transformer,12,128,sin,0.45,0.4,max,"2,00E-05",0.751,0.751,0.751,0.614,0.614,0.614,0.56,0.56,0.56,0.423,0.423,0.423
hipe2020,stacked,english,bert-base-multilingual-uncased,2,transformer,12,128,sin,0.45,0.4,max,"2,00E-05",0.792,0.792,0.792,0.675,0.675,0.675,0.654,0.654,0.654,0.543,0.543,0.543
hipe2020,stacked,english,bert-base-historic-multilingual-cased,2,transformer,12,128,sin,0.45,0.4,first,"2,00E-05",0.843,0.843,0.843,0.727,0.727,0.727,0.676,0.676,0.676,0.571,0.571,0.571
hipe2020,stacked,english,bert-base-cased,2,transformer,12,128,sin,0.45,0.4,first,"2,00E-05",0.712,0.712,0.712,0.568,0.568,0.568,0.539,0.539,0.539,0.403,0.403,0.403
hipe2020,stacked,english,bert-base-multilingual-uncased,2,transformer,12,128,sin,0.45,0.4,first,"2,00E-05",0.798,0.798,0.798,0.688,0.688,0.688,0.665,0.665,0.665,0.551,0.551,0.551
hipe2020,stacked,english,bert-base-historic-multilingual-cased,2,transformer,12,128,sin,0.45,0.4,last,"2,00E-05",0.815,0.815,0.815,0.702,0.702,0.702,0.643,0.643,0.643,0.534,0.534,0.534
hipe2020,stacked,english,bert-base-cased,2,transformer,12,128,sin,0.45,0.4,last,"2,00E-05",0.727,0.727,0.727,0.593,0.593,0.593,0.526,0.526,0.526,0.394,0.394,0.394
hipe2020,stacked,english,bert-base-multilingual-uncased,2,transformer,12,128,sin,0.45,0.4,last,"2,00E-05",0.793,0.793,0.793,0.686,0.686,0.686,0.664,0.664,0.664,0.553,0.553,0.553