ajmc	stacked	german	bert-base-multilingual-cased	1	adatrans	12	128	sin	0.4	0.4	avg	2e-05	0.838	0.838	0.838	0.797	0.797	0.797	0.779	0.779	0.779	0.716	0.716	0.716
ajmc	stacked	english	bert-base-multilingual-cased	1	adatrans	12	128	sin	0.4	0.4	avg	2e-05	0.771	0.771	0.771	0.701	0.701	0.701	0.671	0.671	0.671	0.585	0.585	0.585
newseye	stacked	finnish	bert-base-multilingual-cased	1	adatrans	12	128	sin	0.4	0.4	avg	2e-05	0.607	0.607	0.607	0.432	0.432	0.432	1.0	1.0	1.0	0.0	0.0	0.0
newseye	stacked	swedish	bert-base-multilingual-cased	1	adatrans	12	128	sin	0.4	0.4	avg	2e-05	0.629	0.629	0.629	0.515	0.515	0.515	0.0	0.0	0.0	0.0	0.0	0.0
ajmc	stacked	german	bert-base-multilingual-cased	1	adatrans	12	128	sin	0.4	0.4	max	2e-05	0.851	0.851	0.851	0.814	0.814	0.814	0.781	0.781	0.781	0.72	0.72	0.72
ajmc	stacked	english	bert-base-multilingual-cased	1	adatrans	12	128	sin	0.4	0.4	max	2e-05	0.768	0.768	0.768	0.705	0.705	0.705	0.672	0.672	0.672	0.581	0.581	0.581
hipe2020	stacked	french	bert-base-multilingual-cased	1	adatrans	12	128	sin	0.4	0.4	avg	2e-05	0.833	0.833	0.833	0.704	0.704	0.704	0.649	0.649	0.649	0.523	0.523	0.523
newseye	stacked	finnish	bert-base-multilingual-cased	1	adatrans	12	128	sin	0.4	0.4	max	2e-05	0.662	0.662	0.662	0.472	0.472	0.472	0.667	0.667	0.667	0.0	0.0	0.0
newseye	stacked	swedish	bert-base-multilingual-cased	1	adatrans	12	128	sin	0.4	0.4	max	2e-05	0.685	0.685	0.685	0.548	0.548	0.548	0.0	0.0	0.0	0.0	0.0	0.0
ajmc	stacked	german	bert-base-multilingual-cased	1	adatrans	12	128	sin	0.4	0.4	first	2e-05	0.839	0.839	0.839	0.782	0.782	0.782	0.777	0.777	0.777	0.702	0.702	0.702
ajmc	stacked	english	bert-base-multilingual-cased	1	adatrans	12	128	sin	0.4	0.4	first	2e-05	0.796	0.796	0.796	0.725	0.725	0.725	0.665	0.665	0.665	0.562	0.562	0.562
newseye	stacked	finnish	bert-base-multilingual-cased	1	adatrans	12	128	sin	0.4	0.4	first	2e-05	0.637	0.637	0.637	0.457	0.457	0.457	1.0	1.0	1.0	0.0	0.0	0.0
ajmc	stacked	german	bert-base-multilingual-cased	1	adatrans	12	128	sin	0.4	0.4	last	2e-05	0.859	0.859	0.859	0.793	0.793	0.793	0.789	0.789	0.789	0.728	0.728	0.728
newseye	stacked	swedish	bert-base-multilingual-cased	1	adatrans	12	128	sin	0.4	0.4	first	2e-05	0.704	0.704	0.704	0.57	0.57	0.57	0.0	0.0	0.0	0.0	0.0	0.0
ajmc	stacked	english	bert-base-multilingual-cased	1	adatrans	12	128	sin	0.4	0.4	last	2e-05	0.752	0.752	0.752	0.684	0.684	0.684	0.619	0.619	0.619	0.525	0.525	0.525
ajmc	stacked	german	bert-base-multilingual-cased	1	adatrans	12	128	sin	0.4	0.6	avg	2e-05	0.831	0.831	0.831	0.789	0.789	0.789	0.773	0.773	0.773	0.713	0.713	0.713
newseye	stacked	finnish	bert-base-multilingual-cased	1	adatrans	12	128	sin	0.4	0.4	last	2e-05	0.598	0.598	0.598	0.402	0.402	0.402	1.0	1.0	1.0	0.0	0.0	0.0
hipe2020	stacked	french	bert-base-multilingual-cased	1	adatrans	12	128	sin	0.4	0.4	max	2e-05	0.821	0.821	0.821	0.688	0.688	0.688	0.644	0.644	0.644	0.524	0.524	0.524
newseye	stacked	swedish	bert-base-multilingual-cased	1	adatrans	12	128	sin	0.4	0.4	last	2e-05	0.631	0.631	0.631	0.505	0.505	0.505	0.0	0.0	0.0	0.0	0.0	0.0
ajmc	stacked	english	bert-base-multilingual-cased	1	adatrans	12	128	sin	0.4	0.6	avg	2e-05	0.817	0.817	0.817	0.749	0.749	0.749	0.679	0.679	0.679	0.59	0.59	0.59
ajmc	stacked	german	bert-base-multilingual-cased	1	adatrans	12	128	sin	0.4	0.6	max	2e-05	0.816	0.816	0.816	0.751	0.751	0.751	0.708	0.708	0.708	0.632	0.632	0.632
newseye	stacked	finnish	bert-base-multilingual-cased	1	adatrans	12	128	sin	0.4	0.6	avg	2e-05	0.621	0.621	0.621	0.44	0.44	0.44	1.0	1.0	1.0	0.0	0.0	0.0
ajmc	stacked	english	bert-base-multilingual-cased	1	adatrans	12	128	sin	0.4	0.6	max	2e-05	0.798	0.798	0.798	0.709	0.709	0.709	0.623	0.623	0.623	0.519	0.519	0.519
newseye	stacked	swedish	bert-base-multilingual-cased	1	adatrans	12	128	sin	0.4	0.6	avg	2e-05	0.645	0.645	0.645	0.526	0.526	0.526	0.0	0.0	0.0	0.0	0.0	0.0
ajmc	stacked	german	bert-base-multilingual-cased	1	adatrans	12	128	sin	0.4	0.6	first	2e-05	0.845	0.845	0.845	0.793	0.793	0.793	0.75	0.75	0.75	0.686	0.686	0.686
hipe2020	stacked	french	bert-base-multilingual-cased	1	adatrans	12	128	sin	0.4	0.4	first	2e-05	0.818	0.818	0.818	0.683	0.683	0.683	0.635	0.635	0.635	0.51	0.51	0.51
ajmc	stacked	english	bert-base-multilingual-cased	1	adatrans	12	128	sin	0.4	0.6	first	2e-05	0.767	0.767	0.767	0.703	0.703	0.703	0.611	0.611	0.611	0.53	0.53	0.53
newseye	stacked	finnish	bert-base-multilingual-cased	1	adatrans	12	128	sin	0.4	0.6	max	2e-05	0.659	0.659	0.659	0.462	0.462	0.462	1.0	1.0	1.0	0.0	0.0	0.0
newseye	stacked	swedish	bert-base-multilingual-cased	1	adatrans	12	128	sin	0.4	0.6	max	2e-05	0.66	0.66	0.66	0.531	0.531	0.531	0.0	0.0	0.0	0.0	0.0	0.0
ajmc	stacked	german	bert-base-multilingual-cased	1	adatrans	12	128	sin	0.4	0.6	last	2e-05	0.825	0.825	0.825	0.784	0.784	0.784	0.724	0.724	0.724	0.659	0.659	0.659
ajmc	stacked	english	bert-base-multilingual-cased	1	adatrans	12	128	sin	0.4	0.6	last	2e-05	0.706	0.706	0.706	0.649	0.649	0.649	0.592	0.592	0.592	0.499	0.499	0.499
newseye	stacked	finnish	bert-base-multilingual-cased	1	adatrans	12	128	sin	0.4	0.6	first	2e-05	0.613	0.613	0.613	0.419	0.419	0.419	1.0	1.0	1.0	0.0	0.0	0.0
ajmc	stacked	german	bert-base-multilingual-cased	1	adatrans	12	128	sin	0.4	0.8	avg	2e-05	0.799	0.799	0.799	0.743	0.743	0.743	0.715	0.715	0.715	0.637	0.637	0.637
newseye	stacked	swedish	bert-base-multilingual-cased	1	adatrans	12	128	sin	0.4	0.6	first	2e-05	0.672	0.672	0.672	0.537	0.537	0.537	0.0	0.0	0.0	0.0	0.0	0.0
ajmc	stacked	english	bert-base-multilingual-cased	1	adatrans	12	128	sin	0.4	0.8	avg	2e-05	0.742	0.742	0.742	0.679	0.679	0.679	0.567	0.567	0.567	0.47	0.47	0.47
hipe2020	stacked	french	bert-base-multilingual-cased	1	adatrans	12	128	sin	0.4	0.4	last	2e-05	0.825	0.825	0.825	0.691	0.691	0.691	0.638	0.638	0.638	0.519	0.519	0.519
newseye	stacked	finnish	bert-base-multilingual-cased	1	adatrans	12	128	sin	0.4	0.6	last	2e-05	0.605	0.605	0.605	0.409	0.409	0.409	0.0	0.0	0.0	0.0	0.0	0.0
ajmc	stacked	german	bert-base-multilingual-cased	1	adatrans	12	128	sin	0.4	0.8	max	2e-05	0.784	0.784	0.784	0.725	0.725	0.725	0.723	0.723	0.723	0.647	0.647	0.647
newseye	stacked	swedish	bert-base-multilingual-cased	1	adatrans	12	128	sin	0.4	0.6	last	2e-05	0.65	0.65	0.65	0.516	0.516	0.516	0.0	0.0	0.0	0.0	0.0	0.0
ajmc	stacked	english	bert-base-multilingual-cased	1	adatrans	12	128	sin	0.4	0.8	max	2e-05	0.741	0.741	0.741	0.644	0.644	0.644	0.6	0.6	0.6	0.472	0.472	0.472
ajmc	stacked	german	bert-base-multilingual-cased	1	adatrans	12	128	sin	0.4	0.8	first	2e-05	0.806	0.806	0.806	0.739	0.739	0.739	0.738	0.738	0.738	0.664	0.664	0.664
newseye	stacked	finnish	bert-base-multilingual-cased	1	adatrans	12	128	sin	0.4	0.8	avg	2e-05	0.608	0.608	0.608	0.427	0.427	0.427	0.0	0.0	0.0	0.0	0.0	0.0
newseye	stacked	swedish	bert-base-multilingual-cased	1	adatrans	12	128	sin	0.4	0.8	avg	2e-05	0.661	0.661	0.661	0.493	0.493	0.493	0.0	0.0	0.0	0.0	0.0	0.0
ajmc	stacked	english	bert-base-multilingual-cased	1	adatrans	12	128	sin	0.4	0.8	first	2e-05	0.718	0.718	0.718	0.633	0.633	0.633	0.535	0.535	0.535	0.436	0.436	0.436
ajmc	stacked	german	bert-base-multilingual-cased	1	adatrans	12	128	sin	0.4	0.8	last	2e-05	0.749	0.749	0.749	0.685	0.685	0.685	0.662	0.662	0.662	0.586	0.586	0.586
hipe2020	stacked	french	bert-base-multilingual-cased	1	adatrans	12	128	sin	0.4	0.6	avg	2e-05	0.805	0.805	0.805	0.676	0.676	0.676	0.625	0.625	0.625	0.517	0.517	0.517
newseye	stacked	finnish	bert-base-multilingual-cased	1	adatrans	12	128	sin	0.4	0.8	max	2e-05	0.643	0.643	0.643	0.457	0.457	0.457	0.0	0.0	0.0	0.0	0.0	0.0
ajmc	stacked	english	bert-base-multilingual-cased	1	adatrans	12	128	sin	0.4	0.8	last	2e-05	0.732	0.732	0.732	0.677	0.677	0.677	0.58	0.58	0.58	0.473	0.473	0.473
newseye	stacked	swedish	bert-base-multilingual-cased	1	adatrans	12	128	sin	0.4	0.8	max	2e-05	0.642	0.642	0.642	0.498	0.498	0.498	0.0	0.0	0.0	0.0	0.0	0.0
ajmc	stacked	german	bert-base-multilingual-cased	1	adatrans	12	128	sin	0.6	0.4	avg	2e-05	0.781	0.781	0.781	0.708	0.708	0.708	0.689	0.689	0.689	0.617	0.617	0.617
newseye	stacked	finnish	bert-base-multilingual-cased	1	adatrans	12	128	sin	0.4	0.8	first	2e-05	0.658	0.658	0.658	0.449	0.449	0.449	0.0	0.0	0.0	0.0	0.0	0.0
ajmc	stacked	english	bert-base-multilingual-cased	1	adatrans	12	128	sin	0.6	0.4	avg	2e-05	0.782	0.782	0.782	0.714	0.714	0.714	0.644	0.644	0.644	0.546	0.546	0.546
ajmc	stacked	german	bert-base-multilingual-cased	1	adatrans	12	128	sin	0.6	0.4	max	2e-05	0.831	0.831	0.831	0.779	0.779	0.779	0.722	0.722	0.722	0.652	0.652	0.652
newseye	stacked	swedish	bert-base-multilingual-cased	1	adatrans	12	128	sin	0.4	0.8	first	2e-05	0.611	0.611	0.611	0.443	0.443	0.443	0.0	0.0	0.0	0.0	0.0	0.0
newseye	stacked	finnish	bert-base-multilingual-cased	1	adatrans	12	128	sin	0.4	0.8	last	2e-05	0.593	0.593	0.593	0.416	0.416	0.416	0.0	0.0	0.0	0.0	0.0	0.0
ajmc	stacked	english	bert-base-multilingual-cased	1	adatrans	12	128	sin	0.6	0.4	max	2e-05	0.727	0.727	0.727	0.634	0.634	0.634	0.555	0.555	0.555	0.447	0.447	0.447
hipe2020	stacked	french	bert-base-multilingual-cased	1	adatrans	12	128	sin	0.4	0.6	max	2e-05	0.8	0.8	0.8	0.674	0.674	0.674	0.621	0.621	0.621	0.509	0.509	0.509
ajmc	stacked	german	bert-base-multilingual-cased	1	adatrans	12	128	sin	0.6	0.4	first	2e-05	0.816	0.816	0.816	0.753	0.753	0.753	0.733	0.733	0.733	0.662	0.662	0.662
newseye	stacked	swedish	bert-base-multilingual-cased	1	adatrans	12	128	sin	0.4	0.8	last	2e-05	0.593	0.593	0.593	0.461	0.461	0.461	0.0	0.0	0.0	0.0	0.0	0.0
ajmc	stacked	english	bert-base-multilingual-cased	1	adatrans	12	128	sin	0.6	0.4	first	2e-05	0.758	0.758	0.758	0.699	0.699	0.699	0.613	0.613	0.613	0.515	0.515	0.515
ajmc	stacked	german	bert-base-multilingual-cased	1	adatrans	12	128	sin	0.6	0.4	last	2e-05	0.83	0.83	0.83	0.785	0.785	0.785	0.734	0.734	0.734	0.657	0.657	0.657
newseye	stacked	finnish	bert-base-multilingual-cased	1	adatrans	12	128	sin	0.6	0.4	avg	2e-05	0.591	0.591	0.591	0.44	0.44	0.44	0.0	0.0	0.0	0.0	0.0	0.0
newseye	stacked	swedish	bert-base-multilingual-cased	1	adatrans	12	128	sin	0.6	0.4	avg	2e-05	0.668	0.668	0.668	0.532	0.532	0.532	0.0	0.0	0.0	0.0	0.0	0.0
ajmc	stacked	english	bert-base-multilingual-cased	1	adatrans	12	128	sin	0.6	0.4	last	2e-05	0.726	0.726	0.726	0.675	0.675	0.675	0.58	0.58	0.58	0.489	0.489	0.489
ajmc	stacked	german	bert-base-multilingual-cased	1	adatrans	12	128	sin	0.6	0.6	avg	2e-05	0.795	0.795	0.795	0.738	0.738	0.738	0.727	0.727	0.727	0.653	0.653	0.653
hipe2020	stacked	french	bert-base-multilingual-cased	1	adatrans	12	128	sin	0.4	0.6	first	2e-05	0.827	0.827	0.827	0.694	0.694	0.694	0.637	0.637	0.637	0.524	0.524	0.524
newseye	stacked	finnish	bert-base-multilingual-cased	1	adatrans	12	128	sin	0.6	0.4	max	2e-05	0.636	0.636	0.636	0.461	0.461	0.461	0.0	0.0	0.0	0.0	0.0	0.0
ajmc	stacked	german	bert-base-multilingual-cased	1	adatrans	12	128	sin	0.6	0.6	max	2e-05	0.799	0.799	0.799	0.741	0.741	0.741	0.694	0.694	0.694	0.626	0.626	0.626
ajmc	stacked	english	bert-base-multilingual-cased	1	adatrans	12	128	sin	0.6	0.6	avg	2e-05	0.691	0.691	0.691	0.587	0.587	0.587	0.535	0.535	0.535	0.409	0.409	0.409
newseye	stacked	swedish	bert-base-multilingual-cased	1	adatrans	12	128	sin	0.6	0.4	max	2e-05	0.669	0.669	0.669	0.54	0.54	0.54	0.0	0.0	0.0	0.0	0.0	0.0
newseye	stacked	finnish	bert-base-multilingual-cased	1	adatrans	12	128	sin	0.6	0.4	first	2e-05	0.625	0.625	0.625	0.431	0.431	0.431	1.0	1.0	1.0	0.0	0.0	0.0
ajmc	stacked	german	bert-base-multilingual-cased	1	adatrans	12	128	sin	0.6	0.6	first	2e-05	0.786	0.786	0.786	0.7	0.7	0.7	0.681	0.681	0.681	0.584	0.584	0.584
ajmc	stacked	english	bert-base-multilingual-cased	1	adatrans	12	128	sin	0.6	0.6	max	2e-05	0.729	0.729	0.729	0.649	0.649	0.649	0.554	0.554	0.554	0.453	0.453	0.453
newseye	stacked	swedish	bert-base-multilingual-cased	1	adatrans	12	128	sin	0.6	0.4	first	2e-05	0.671	0.671	0.671	0.542	0.542	0.542	0.0	0.0	0.0	0.0	0.0	0.0
hipe2020	stacked	french	bert-base-multilingual-cased	1	adatrans	12	128	sin	0.4	0.6	last	2e-05	0.812	0.812	0.812	0.686	0.686	0.686	0.624	0.624	0.624	0.513	0.513	0.513
newseye	stacked	finnish	bert-base-multilingual-cased	1	adatrans	12	128	sin	0.6	0.4	last	2e-05	0.623	0.623	0.623	0.426	0.426	0.426	1.0	1.0	1.0	0.0	0.0	0.0
ajmc	stacked	german	bert-base-multilingual-cased	1	adatrans	12	128	sin	0.6	0.6	last	2e-05	0.77	0.77	0.77	0.686	0.686	0.686	0.675	0.675	0.675	0.591	0.591	0.591
ajmc	stacked	english	bert-base-multilingual-cased	1	adatrans	12	128	sin	0.6	0.6	first	2e-05	0.717	0.717	0.717	0.62	0.62	0.62	0.553	0.553	0.553	0.441	0.441	0.441
newseye	stacked	swedish	bert-base-multilingual-cased	1	adatrans	12	128	sin	0.6	0.4	last	2e-05	0.646	0.646	0.646	0.523	0.523	0.523	0.0	0.0	0.0	0.0	0.0	0.0
ajmc	stacked	german	bert-base-multilingual-cased	1	adatrans	12	128	sin	0.6	0.8	avg	2e-05	0.742	0.742	0.742	0.666	0.666	0.666	0.549	0.549	0.549	0.444	0.444	0.444
ajmc	stacked	english	bert-base-multilingual-cased	1	adatrans	12	128	sin	0.6	0.6	last	2e-05	0.691	0.691	0.691	0.617	0.617	0.617	0.588	0.588	0.588	0.486	0.486	0.486
newseye	stacked	finnish	bert-base-multilingual-cased	1	adatrans	12	128	sin	0.6	0.6	avg	2e-05	0.656	0.656	0.656	0.441	0.441	0.441	0.0	0.0	0.0	0.0	0.0	0.0
newseye	stacked	swedish	bert-base-multilingual-cased	1	adatrans	12	128	sin	0.6	0.6	avg	2e-05	0.633	0.633	0.633	0.498	0.498	0.498	0.0	0.0	0.0	0.0	0.0	0.0
ajmc	stacked	german	bert-base-multilingual-cased	1	adatrans	12	128	sin	0.6	0.8	max	2e-05	0.75	0.75	0.75	0.67	0.67	0.67	0.587	0.587	0.587	0.486	0.486	0.486
ajmc	stacked	english	bert-base-multilingual-cased	1	adatrans	12	128	sin	0.6	0.8	avg	2e-05	0.643	0.643	0.643	0.513	0.513	0.513	0.494	0.494	0.494	0.347	0.347	0.347
hipe2020	stacked	french	bert-base-multilingual-cased	1	adatrans	12	128	sin	0.4	0.8	avg	2e-05	0.803	0.803	0.803	0.674	0.674	0.674	0.619	0.619	0.619	0.504	0.504	0.504
newseye	stacked	finnish	bert-base-multilingual-cased	1	adatrans	12	128	sin	0.6	0.6	max	2e-05	0.585	0.585	0.585	0.413	0.413	0.413	0.0	0.0	0.0	0.0	0.0	0.0
ajmc	stacked	german	bert-base-multilingual-cased	1	adatrans	12	128	sin	0.6	0.8	first	2e-05	0.739	0.739	0.739	0.66	0.66	0.66	0.53	0.53	0.53	0.429	0.429	0.429
ajmc	stacked	english	bert-base-multilingual-cased	1	adatrans	12	128	sin	0.6	0.8	max	2e-05	0.668	0.668	0.668	0.542	0.542	0.542	0.494	0.494	0.494	0.369	0.369	0.369
newseye	stacked	swedish	bert-base-multilingual-cased	1	adatrans	12	128	sin	0.6	0.6	max	2e-05	0.67	0.67	0.67	0.516	0.516	0.516	0.0	0.0	0.0	0.0	0.0	0.0
newseye	stacked	finnish	bert-base-multilingual-cased	1	adatrans	12	128	sin	0.6	0.6	first	2e-05	0.587	0.587	0.587	0.405	0.405	0.405	0.0	0.0	0.0	0.0	0.0	0.0
ajmc	stacked	german	bert-base-multilingual-cased	1	adatrans	12	128	sin	0.6	0.8	last	2e-05	0.754	0.754	0.754	0.692	0.692	0.692	0.635	0.635	0.635	0.55	0.55	0.55
ajmc	stacked	english	bert-base-multilingual-cased	1	adatrans	12	128	sin	0.6	0.8	first	2e-05	0.648	0.648	0.648	0.506	0.506	0.506	0.484	0.484	0.484	0.356	0.356	0.356
newseye	stacked	swedish	bert-base-multilingual-cased	1	adatrans	12	128	sin	0.6	0.6	first	2e-05	0.63	0.63	0.63	0.478	0.478	0.478	0.0	0.0	0.0	0.0	0.0	0.0
newseye	stacked	finnish	bert-base-multilingual-cased	1	adatrans	12	128	sin	0.6	0.6	last	2e-05	0.604	0.604	0.604	0.4	0.4	0.4	0.0	0.0	0.0	0.0	0.0	0.0
ajmc	stacked	german	bert-base-multilingual-cased	1	adatrans	12	128	sin	0.8	0.4	avg	2e-05	0.763	0.763	0.763	0.69	0.69	0.69	0.609	0.609	0.609	0.518	0.518	0.518
hipe2020	stacked	french	bert-base-multilingual-cased	1	adatrans	12	128	sin	0.4	0.8	max	2e-05	0.797	0.797	0.797	0.666	0.666	0.666	0.602	0.602	0.602	0.482	0.482	0.482
ajmc	stacked	english	bert-base-multilingual-cased	1	adatrans	12	128	sin	0.6	0.8	last	2e-05	0.661	0.661	0.661	0.549	0.549	0.549	0.519	0.519	0.519	0.396	0.396	0.396
newseye	stacked	swedish	bert-base-multilingual-cased	1	adatrans	12	128	sin	0.6	0.6	last	2e-05	0.632	0.632	0.632	0.494	0.494	0.494	0.0	0.0	0.0	0.0	0.0	0.0
ajmc	stacked	german	bert-base-multilingual-cased	1	adatrans	12	128	sin	0.8	0.4	max	2e-05	0.726	0.726	0.726	0.652	0.652	0.652	0.536	0.536	0.536	0.438	0.438	0.438
newseye	stacked	finnish	bert-base-multilingual-cased	1	adatrans	12	128	sin	0.6	0.8	avg	2e-05	0.578	0.578	0.578	0.371	0.371	0.371	0.0	0.0	0.0	0.0	0.0	0.0
ajmc	stacked	english	bert-base-multilingual-cased	1	adatrans	12	128	sin	0.8	0.4	avg	2e-05	0.602	0.602	0.602	0.47	0.47	0.47	0.48	0.48	0.48	0.355	0.355	0.355
ajmc	stacked	german	bert-base-multilingual-cased	1	adatrans	12	128	sin	0.8	0.4	first	2e-05	0.786	0.786	0.786	0.714	0.714	0.714	0.675	0.675	0.675	0.571	0.571	0.571
ajmc	stacked	english	bert-base-multilingual-cased	1	adatrans	12	128	sin	0.8	0.4	max	2e-05	0.614	0.614	0.614	0.493	0.493	0.493	0.475	0.475	0.475	0.313	0.313	0.313
newseye	stacked	swedish	bert-base-multilingual-cased	1	adatrans	12	128	sin	0.6	0.8	avg	2e-05	0.58	0.58	0.58	0.418	0.418	0.418	0.0	0.0	0.0	0.0	0.0	0.0
hipe2020	stacked	french	bert-base-multilingual-cased	1	adatrans	12	128	sin	0.4	0.8	first	2e-05	0.808	0.808	0.808	0.675	0.675	0.675	0.622	0.622	0.622	0.501	0.501	0.501
newseye	stacked	finnish	bert-base-multilingual-cased	1	adatrans	12	128	sin	0.6	0.8	max	2e-05	0.6	0.6	0.6	0.405	0.405	0.405	0.0	0.0	0.0	0.0	0.0	0.0
ajmc	stacked	german	bert-base-multilingual-cased	1	adatrans	12	128	sin	0.8	0.4	last	2e-05	0.708	0.708	0.708	0.609	0.609	0.609	0.56	0.56	0.56	0.426	0.426	0.426
ajmc	stacked	english	bert-base-multilingual-cased	1	adatrans	12	128	sin	0.8	0.4	first	2e-05	0.637	0.637	0.637	0.5	0.5	0.5	0.518	0.518	0.518	0.373	0.373	0.373
newseye	stacked	swedish	bert-base-multilingual-cased	1	adatrans	12	128	sin	0.6	0.8	max	2e-05	0.568	0.568	0.568	0.403	0.403	0.403	0.0	0.0	0.0	0.0	0.0	0.0
newseye	stacked	finnish	bert-base-multilingual-cased	1	adatrans	12	128	sin	0.6	0.8	first	2e-05	0.571	0.571	0.571	0.339	0.339	0.339	0.0	0.0	0.0	0.0	0.0	0.0
ajmc	stacked	german	bert-base-multilingual-cased	1	adatrans	12	128	sin	0.8	0.6	avg	2e-05	0.528	0.528	0.528	0.447	0.447	0.447	0.469	0.469	0.469	0.305	0.305	0.305
ajmc	stacked	english	bert-base-multilingual-cased	1	adatrans	12	128	sin	0.8	0.4	last	2e-05	0.696	0.696	0.696	0.602	0.602	0.602	0.533	0.533	0.533	0.383	0.383	0.383
newseye	stacked	swedish	bert-base-multilingual-cased	1	adatrans	12	128	sin	0.6	0.8	first	2e-05	0.583	0.583	0.583	0.425	0.425	0.425	0.0	0.0	0.0	0.0	0.0	0.0
newseye	stacked	finnish	bert-base-multilingual-cased	1	adatrans	12	128	sin	0.6	0.8	last	2e-05	0.619	0.619	0.619	0.405	0.405	0.405	0.0	0.0	0.0	0.0	0.0	0.0
ajmc	stacked	german	bert-base-multilingual-cased	1	adatrans	12	128	sin	0.8	0.6	max	2e-05	0.586	0.586	0.586	0.458	0.458	0.458	0.49	0.49	0.49	0.306	0.306	0.306
hipe2020	stacked	french	bert-base-multilingual-cased	1	adatrans	12	128	sin	0.4	0.8	last	2e-05	0.783	0.783	0.783	0.65	0.65	0.65	0.597	0.597	0.597	0.478	0.478	0.478
ajmc	stacked	english	bert-base-multilingual-cased	1	adatrans	12	128	sin	0.8	0.6	avg	2e-05	0.605	0.605	0.605	0.487	0.487	0.487	0.458	0.458	0.458	0.332	0.332	0.332
ajmc	stacked	german	bert-base-multilingual-cased	1	adatrans	12	128	sin	0.8	0.6	first	2e-05	0.755	0.755	0.755	0.667	0.667	0.667	0.478	0.478	0.478	0.371	0.371	0.371
newseye	stacked	finnish	bert-base-multilingual-cased	1	adatrans	12	128	sin	0.8	0.4	avg	2e-05	0.549	0.549	0.549	0.359	0.359	0.359	0.0	0.0	0.0	0.0	0.0	0.0
newseye	stacked	swedish	bert-base-multilingual-cased	1	adatrans	12	128	sin	0.6	0.8	last	2e-05	0.614	0.614	0.614	0.448	0.448	0.448	0.0	0.0	0.0	0.0	0.0	0.0
ajmc	stacked	english	bert-base-multilingual-cased	1	adatrans	12	128	sin	0.8	0.6	max	2e-05	0.497	0.497	0.497	0.399	0.399	0.399	0.339	0.339	0.339	0.206	0.206	0.206
ajmc	stacked	german	bert-base-multilingual-cased	1	adatrans	12	128	sin	0.8	0.6	last	2e-05	0.69	0.69	0.69	0.63	0.63	0.63	0.534	0.534	0.534	0.437	0.437	0.437
newseye	stacked	finnish	bert-base-multilingual-cased	1	adatrans	12	128	sin	0.8	0.4	max	2e-05	0.573	0.573	0.573	0.393	0.393	0.393	0.0	0.0	0.0	0.0	0.0	0.0
ajmc	stacked	english	bert-base-multilingual-cased	1	adatrans	12	128	sin	0.8	0.6	first	2e-05	0.7	0.7	0.7	0.565	0.565	0.565	0.51	0.51	0.51	0.359	0.359	0.359
newseye	stacked	swedish	bert-base-multilingual-cased	1	adatrans	12	128	sin	0.8	0.4	avg	2e-05	0.646	0.646	0.646	0.496	0.496	0.496	0.0	0.0	0.0	0.0	0.0	0.0
hipe2020	stacked	french	bert-base-multilingual-cased	1	adatrans	12	128	sin	0.6	0.4	avg	2e-05	0.802	0.802	0.802	0.676	0.676	0.676	0.622	0.622	0.622	0.511	0.511	0.511
ajmc	stacked	german	bert-base-multilingual-cased	1	adatrans	12	128	sin	0.8	0.8	avg	2e-05	0.463	0.463	0.463	0.402	0.402	0.402	0.361	0.361	0.361	0.213	0.213	0.213
ajmc	stacked	english	bert-base-multilingual-cased	1	adatrans	12	128	sin	0.8	0.6	last	2e-05	0.598	0.598	0.598	0.468	0.468	0.468	0.483	0.483	0.483	0.346	0.346	0.346
newseye	stacked	finnish	bert-base-multilingual-cased	1	adatrans	12	128	sin	0.8	0.4	first	2e-05	0.503	0.503	0.503	0.302	0.302	0.302	0.0	0.0	0.0	0.0	0.0	0.0
ajmc	stacked	german	bert-base-multilingual-cased	1	adatrans	12	128	sin	0.8	0.8	max	2e-05	0.46	0.46	0.46	0.38	0.38	0.38	0.406	0.406	0.406	0.278	0.278	0.278
newseye	stacked	swedish	bert-base-multilingual-cased	1	adatrans	12	128	sin	0.8	0.4	max	2e-05	0.536	0.536	0.536	0.374	0.374	0.374	0.0	0.0	0.0	0.0	0.0	0.0
ajmc	stacked	english	bert-base-multilingual-cased	1	adatrans	12	128	sin	0.8	0.8	avg	2e-05	0.437	0.437	0.437	0.321	0.321	0.321	0.326	0.326	0.326	0.18	0.18	0.18
ajmc	stacked	german	bert-base-multilingual-cased	1	adatrans	12	128	sin	0.8	0.8	first	2e-05	0.313	0.313	0.313	0.234	0.234	0.234	0.273	0.273	0.273	0.176	0.176	0.176
newseye	stacked	finnish	bert-base-multilingual-cased	1	adatrans	12	128	sin	0.8	0.4	last	2e-05	0.588	0.588	0.588	0.374	0.374	0.374	0.0	0.0	0.0	0.0	0.0	0.0
hipe2020	stacked	french	bert-base-multilingual-cased	1	adatrans	12	128	sin	0.6	0.4	max	2e-05	0.808	0.808	0.808	0.675	0.675	0.675	0.637	0.637	0.637	0.522	0.522	0.522
newseye	stacked	swedish	bert-base-multilingual-cased	1	adatrans	12	128	sin	0.8	0.4	first	2e-05	0.597	0.597	0.597	0.435	0.435	0.435	0.0	0.0	0.0	0.0	0.0	0.0
ajmc	stacked	english	bert-base-multilingual-cased	1	adatrans	12	128	sin	0.8	0.8	max	2e-05	0.414	0.414	0.414	0.333	0.333	0.333	0.259	0.259	0.259	0.194	0.194	0.194
ajmc	stacked	german	bert-base-multilingual-cased	1	adatrans	12	128	sin	0.8	0.8	last	2e-05	0.333	0.333	0.333	0.286	0.286	0.286	0.262	0.262	0.262	0.155	0.155	0.155
newseye	stacked	finnish	bert-base-multilingual-cased	1	adatrans	12	128	sin	0.8	0.6	avg	2e-05	0.548	0.548	0.548	0.317	0.317	0.317	0.0	0.0	0.0	0.0	0.0	0.0
newseye	stacked	swedish	bert-base-multilingual-cased	1	adatrans	12	128	sin	0.8	0.4	last	2e-05	0.536	0.536	0.536	0.382	0.382	0.382	0.0	0.0	0.0	0.0	0.0	0.0
ajmc	stacked	english	bert-base-multilingual-cased	1	adatrans	12	128	sin	0.8	0.8	first	2e-05	0.445	0.445	0.445	0.347	0.347	0.347	0.276	0.276	0.276	0.204	0.204	0.204
ajmc	stacked	german	bert-base-multilingual-cased	2	adatrans	12	128	sin	0.4	0.4	avg	2e-05	0.782	0.782	0.782	0.716	0.716	0.716	0.672	0.672	0.672	0.596	0.596	0.596
newseye	stacked	finnish	bert-base-multilingual-cased	1	adatrans	12	128	sin	0.8	0.6	max	2e-05	0.539	0.539	0.539	0.324	0.324	0.324	0.0	0.0	0.0	0.0	0.0	0.0
hipe2020	stacked	french	bert-base-multilingual-cased	1	adatrans	12	128	sin	0.6	0.4	first	2e-05	0.821	0.821	0.821	0.692	0.692	0.692	0.64	0.64	0.64	0.521	0.521	0.521
ajmc	stacked	english	bert-base-multilingual-cased	1	adatrans	12	128	sin	0.8	0.8	last	2e-05	0.403	0.403	0.403	0.336	0.336	0.336	0.301	0.301	0.301	0.223	0.223	0.223
ajmc	stacked	german	bert-base-multilingual-cased	2	adatrans	12	128	sin	0.4	0.4	max	2e-05	0.785	0.785	0.785	0.721	0.721	0.721	0.714	0.714	0.714	0.616	0.616	0.616
newseye	stacked	swedish	bert-base-multilingual-cased	1	adatrans	12	128	sin	0.8	0.6	avg	2e-05	0.481	0.481	0.481	0.322	0.322	0.322	0.0	0.0	0.0	0.0	0.0	0.0
newseye	stacked	finnish	bert-base-multilingual-cased	1	adatrans	12	128	sin	0.8	0.6	first	2e-05	0.479	0.479	0.479	0.278	0.278	0.278	0.0	0.0	0.0	0.0	0.0	0.0
ajmc	stacked	english	bert-base-multilingual-cased	2	adatrans	12	128	sin	0.4	0.4	avg	2e-05	0.724	0.724	0.724	0.649	0.649	0.649	0.614	0.614	0.614	0.531	0.531	0.531
ajmc	stacked	german	bert-base-multilingual-cased	2	adatrans	12	128	sin	0.4	0.4	first	2e-05	0.799	0.799	0.799	0.744	0.744	0.744	0.683	0.683	0.683	0.62	0.62	0.62
newseye	stacked	swedish	bert-base-multilingual-cased	1	adatrans	12	128	sin	0.8	0.6	max	2e-05	0.562	0.562	0.562	0.397	0.397	0.397	0.0	0.0	0.0	0.0	0.0	0.0
newseye	stacked	finnish	bert-base-multilingual-cased	1	adatrans	12	128	sin	0.8	0.6	last	2e-05	0.577	0.577	0.577	0.396	0.396	0.396	0.0	0.0	0.0	0.0	0.0	0.0
ajmc	stacked	german	bert-base-multilingual-cased	2	adatrans	12	128	sin	0.4	0.4	last	2e-05	0.825	0.825	0.825	0.774	0.774	0.774	0.741	0.741	0.741	0.678	0.678	0.678
ajmc	stacked	english	bert-base-multilingual-cased	2	adatrans	12	128	sin	0.4	0.4	max	2e-05	0.72	0.72	0.72	0.642	0.642	0.642	0.564	0.564	0.564	0.479	0.479	0.479
hipe2020	stacked	french	bert-base-multilingual-cased	1	adatrans	12	128	sin	0.6	0.4	last	2e-05	0.817	0.817	0.817	0.682	0.682	0.682	0.617	0.617	0.617	0.504	0.504	0.504
newseye	stacked	swedish	bert-base-multilingual-cased	1	adatrans	12	128	sin	0.8	0.6	first	2e-05	0.481	0.481	0.481	0.355	0.355	0.355	0.0	0.0	0.0	0.0	0.0	0.0
ajmc	stacked	german	bert-base-multilingual-cased	2	adatrans	12	128	sin	0.4	0.6	avg	2e-05	0.763	0.763	0.763	0.686	0.686	0.686	0.672	0.672	0.672	0.595	0.595	0.595
ajmc	stacked	english	bert-base-multilingual-cased	2	adatrans	12	128	sin	0.4	0.4	first	2e-05	0.757	0.757	0.757	0.667	0.667	0.667	0.633	0.633	0.633	0.543	0.543	0.543
newseye	stacked	finnish	bert-base-multilingual-cased	1	adatrans	12	128	sin	0.8	0.8	avg	2e-05	0.619	0.619	0.619	0.164	0.164	0.164	0.0	0.0	0.0	0.0	0.0	0.0
newseye	stacked	swedish	bert-base-multilingual-cased	1	adatrans	12	128	sin	0.8	0.6	last	2e-05	0.514	0.514	0.514	0.345	0.345	0.345	0.0	0.0	0.0	0.0	0.0	0.0
ajmc	stacked	german	bert-base-multilingual-cased	2	adatrans	12	128	sin	0.4	0.6	max	2e-05	0.831	0.831	0.831	0.79	0.79	0.79	0.768	0.768	0.768	0.702	0.702	0.702
ajmc	stacked	english	bert-base-multilingual-cased	2	adatrans	12	128	sin	0.4	0.4	last	2e-05	0.732	0.732	0.732	0.682	0.682	0.682	0.638	0.638	0.638	0.549	0.549	0.549
newseye	stacked	finnish	bert-base-multilingual-cased	1	adatrans	12	128	sin	0.8	0.8	max	2e-05	0.712	0.712	0.712	0.304	0.304	0.304	0.0	0.0	0.0	0.0	0.0	0.0
hipe2020	stacked	french	bert-base-multilingual-cased	1	adatrans	12	128	sin	0.6	0.6	avg	2e-05	0.793	0.793	0.793	0.663	0.663	0.663	0.605	0.605	0.605	0.486	0.486	0.486
newseye	stacked	swedish	bert-base-multilingual-cased	1	adatrans	12	128	sin	0.8	0.8	avg	2e-05	0.48	0.48	0.48	0.342	0.342	0.342	0.0	0.0	0.0	0.0	0.0	0.0
ajmc	stacked	german	bert-base-multilingual-cased	2	adatrans	12	128	sin	0.4	0.6	first	2e-05	0.756	0.756	0.756	0.677	0.677	0.677	0.652	0.652	0.652	0.566	0.566	0.566
ajmc	stacked	english	bert-base-multilingual-cased	2	adatrans	12	128	sin	0.4	0.6	avg	2e-05	0.732	0.732	0.732	0.667	0.667	0.667	0.644	0.644	0.644	0.543	0.543	0.543
newseye	stacked	finnish	bert-base-multilingual-cased	1	adatrans	12	128	sin	0.8	0.8	first	2e-05	0.564	0.564	0.564	0.225	0.225	0.225	0.0	0.0	0.0	0.0	0.0	0.0
ajmc	stacked	german	bert-base-multilingual-cased	2	adatrans	12	128	sin	0.4	0.6	last	2e-05	0.807	0.807	0.807	0.747	0.747	0.747	0.723	0.723	0.723	0.647	0.647	0.647
ajmc	stacked	english	bert-base-multilingual-cased	2	adatrans	12	128	sin	0.4	0.6	max	2e-05	0.753	0.753	0.753	0.682	0.682	0.682	0.646	0.646	0.646	0.556	0.556	0.556
newseye	stacked	swedish	bert-base-multilingual-cased	1	adatrans	12	128	sin	0.8	0.8	max	2e-05	0.481	0.481	0.481	0.345	0.345	0.345	0.0	0.0	0.0	0.0	0.0	0.0
newseye	stacked	finnish	bert-base-multilingual-cased	1	adatrans	12	128	sin	0.8	0.8	last	2e-05	0.85	0.85	0.85	0.2	0.2	0.2	0.0	0.0	0.0	0.0	0.0	0.0
hipe2020	stacked	french	bert-base-multilingual-cased	1	adatrans	12	128	sin	0.6	0.6	max	2e-05	0.829	0.829	0.829	0.697	0.697	0.697	0.645	0.645	0.645	0.519	0.519	0.519
ajmc	stacked	german	bert-base-multilingual-cased	2	adatrans	12	128	sin	0.4	0.8	avg	2e-05	0.74	0.74	0.74	0.676	0.676	0.676	0.643	0.643	0.643	0.559	0.559	0.559
ajmc	stacked	english	bert-base-multilingual-cased	2	adatrans	12	128	sin	0.4	0.6	first	2e-05	0.755	0.755	0.755	0.694	0.694	0.694	0.64	0.64	0.64	0.534	0.534	0.534
newseye	stacked	swedish	bert-base-multilingual-cased	1	adatrans	12	128	sin	0.8	0.8	first	2e-05	0.508	0.508	0.508	0.359	0.359	0.359	0.0	0.0	0.0	0.0	0.0	0.0
newseye	stacked	finnish	bert-base-multilingual-cased	2	adatrans	12	128	sin	0.4	0.4	avg	2e-05	0.62	0.62	0.62	0.41	0.41	0.41	1.0	1.0	1.0	0.0	0.0	0.0
ajmc	stacked	english	bert-base-multilingual-cased	2	adatrans	12	128	sin	0.4	0.6	last	2e-05	0.731	0.731	0.731	0.674	0.674	0.674	0.611	0.611	0.611	0.514	0.514	0.514
ajmc	stacked	german	bert-base-multilingual-cased	2	adatrans	12	128	sin	0.4	0.8	max	2e-05	0.755	0.755	0.755	0.702	0.702	0.702	0.635	0.635	0.635	0.546	0.546	0.546
newseye	stacked	swedish	bert-base-multilingual-cased	1	adatrans	12	128	sin	0.8	0.8	last	2e-05	0.561	0.561	0.561	0.374	0.374	0.374	0.0	0.0	0.0	0.0	0.0	0.0
newseye	stacked	finnish	bert-base-multilingual-cased	2	adatrans	12	128	sin	0.4	0.4	max	2e-05	0.65	0.65	0.65	0.467	0.467	0.467	1.0	1.0	1.0	0.0	0.0	0.0
hipe2020	stacked	french	bert-base-multilingual-cased	1	adatrans	12	128	sin	0.6	0.6	first	2e-05	0.829	0.829	0.829	0.698	0.698	0.698	0.63	0.63	0.63	0.508	0.508	0.508
ajmc	stacked	german	bert-base-multilingual-cased	2	adatrans	12	128	sin	0.4	0.8	first	2e-05	0.778	0.778	0.778	0.678	0.678	0.678	0.555	0.555	0.555	0.407	0.407	0.407
ajmc	stacked	english	bert-base-multilingual-cased	2	adatrans	12	128	sin	0.4	0.8	avg	2e-05	0.678	0.678	0.678	0.514	0.514	0.514	0.556	0.556	0.556	0.411	0.411	0.411
newseye	stacked	swedish	bert-base-multilingual-cased	2	adatrans	12	128	sin	0.4	0.4	avg	2e-05	0.632	0.632	0.632	0.488	0.488	0.488	0.0	0.0	0.0	0.0	0.0	0.0
newseye	stacked	finnish	bert-base-multilingual-cased	2	adatrans	12	128	sin	0.4	0.4	first	2e-05	0.611	0.611	0.611	0.406	0.406	0.406	0.5	0.5	0.5	0.0	0.0	0.0
ajmc	stacked	german	bert-base-multilingual-cased	2	adatrans	12	128	sin	0.4	0.8	last	2e-05	0.766	0.766	0.766	0.701	0.701	0.701	0.684	0.684	0.684	0.601	0.601	0.601
ajmc	stacked	english	bert-base-multilingual-cased	2	adatrans	12	128	sin	0.4	0.8	max	2e-05	0.761	0.761	0.761	0.693	0.693	0.693	0.612	0.612	0.612	0.506	0.506	0.506
ajmc	stacked	german	bert-base-multilingual-cased	2	adatrans	12	128	sin	0.6	0.4	avg	2e-05	0.72	0.72	0.72	0.639	0.639	0.639	0.609	0.609	0.609	0.484	0.484	0.484
hipe2020	stacked	french	bert-base-multilingual-cased	1	adatrans	12	128	sin	0.6	0.6	last	2e-05	0.789	0.789	0.789	0.663	0.663	0.663	0.601	0.601	0.601	0.483	0.483	0.483
newseye	stacked	finnish	bert-base-multilingual-cased	2	adatrans	12	128	sin	0.4	0.4	last	2e-05	0.607	0.607	0.607	0.407	0.407	0.407	1.0	1.0	1.0	0.0	0.0	0.0
newseye	stacked	swedish	bert-base-multilingual-cased	2	adatrans	12	128	sin	0.4	0.4	max	2e-05	0.657	0.657	0.657	0.541	0.541	0.541	0.0	0.0	0.0	0.0	0.0	0.0
ajmc	stacked	english	bert-base-multilingual-cased	2	adatrans	12	128	sin	0.4	0.8	first	2e-05	0.706	0.706	0.706	0.567	0.567	0.567	0.569	0.569	0.569	0.431	0.431	0.431
ajmc	stacked	german	bert-base-multilingual-cased	2	adatrans	12	128	sin	0.6	0.4	max	2e-05	0.709	0.709	0.709	0.618	0.618	0.618	0.574	0.574	0.574	0.44	0.44	0.44
newseye	stacked	finnish	bert-base-multilingual-cased	2	adatrans	12	128	sin	0.4	0.6	avg	2e-05	0.631	0.631	0.631	0.417	0.417	0.417	1.0	1.0	1.0	0.0	0.0	0.0
newseye	stacked	swedish	bert-base-multilingual-cased	2	adatrans	12	128	sin	0.4	0.4	first	2e-05	0.65	0.65	0.65	0.51	0.51	0.51	0.0	0.0	0.0	0.0	0.0	0.0
ajmc	stacked	english	bert-base-multilingual-cased	2	adatrans	12	128	sin	0.4	0.8	last	2e-05	0.67	0.67	0.67	0.54	0.54	0.54	0.543	0.543	0.543	0.423	0.423	0.423
ajmc	stacked	german	bert-base-multilingual-cased	2	adatrans	12	128	sin	0.6	0.4	first	2e-05	0.747	0.747	0.747	0.68	0.68	0.68	0.651	0.651	0.651	0.57	0.57	0.57
hipe2020	stacked	french	bert-base-multilingual-cased	1	adatrans	12	128	sin	0.6	0.8	avg	2e-05	0.796	0.796	0.796	0.665	0.665	0.665	0.596	0.596	0.596	0.481	0.481	0.481
newseye	stacked	finnish	bert-base-multilingual-cased	2	adatrans	12	128	sin	0.4	0.6	max	2e-05	0.605	0.605	0.605	0.403	0.403	0.403	0.0	0.0	0.0	0.0	0.0	0.0
ajmc	stacked	english	bert-base-multilingual-cased	2	adatrans	12	128	sin	0.6	0.4	avg	2e-05	0.635	0.635	0.635	0.492	0.492	0.492	0.508	0.508	0.508	0.372	0.372	0.372
newseye	stacked	swedish	bert-base-multilingual-cased	2	adatrans	12	128	sin	0.4	0.4	last	2e-05	0.595	0.595	0.595	0.461	0.461	0.461	0.0	0.0	0.0	0.0	0.0	0.0
ajmc	stacked	german	bert-base-multilingual-cased	2	adatrans	12	128	sin	0.6	0.4	last	2e-05	0.729	0.729	0.729	0.65	0.65	0.65	0.597	0.597	0.597	0.474	0.474	0.474
ajmc	stacked	english	bert-base-multilingual-cased	2	adatrans	12	128	sin	0.6	0.4	max	2e-05	0.693	0.693	0.693	0.604	0.604	0.604	0.566	0.566	0.566	0.443	0.443	0.443
newseye	stacked	finnish	bert-base-multilingual-cased	2	adatrans	12	128	sin	0.4	0.6	first	2e-05	0.594	0.594	0.594	0.384	0.384	0.384	0.0	0.0	0.0	0.0	0.0	0.0
newseye	stacked	swedish	bert-base-multilingual-cased	2	adatrans	12	128	sin	0.4	0.6	avg	2e-05	0.612	0.612	0.612	0.444	0.444	0.444	0.0	0.0	0.0	0.0	0.0	0.0
ajmc	stacked	german	bert-base-multilingual-cased	2	adatrans	12	128	sin	0.6	0.6	avg	2e-05	0.664	0.664	0.664	0.568	0.568	0.568	0.528	0.528	0.528	0.361	0.361	0.361
ajmc	stacked	english	bert-base-multilingual-cased	2	adatrans	12	128	sin	0.6	0.4	first	2e-05	0.723	0.723	0.723	0.643	0.643	0.643	0.576	0.576	0.576	0.456	0.456	0.456
hipe2020	stacked	french	bert-base-multilingual-cased	1	adatrans	12	128	sin	0.6	0.8	max	2e-05	0.793	0.793	0.793	0.666	0.666	0.666	0.602	0.602	0.602	0.488	0.488	0.488
newseye	stacked	finnish	bert-base-multilingual-cased	2	adatrans	12	128	sin	0.4	0.6	last	2e-05	0.594	0.594	0.594	0.347	0.347	0.347	1.0	1.0	1.0	0.0	0.0	0.0
ajmc	stacked	german	bert-base-multilingual-cased	2	adatrans	12	128	sin	0.6	0.6	max	2e-05	0.0	0.0	0.0	0.0	0.0	0.0	0.0	0.0	0.0	0.0	0.0	0.0
newseye	stacked	swedish	bert-base-multilingual-cased	2	adatrans	12	128	sin	0.4	0.6	max	2e-05	0.587	0.587	0.587	0.437	0.437	0.437	0.0	0.0	0.0	0.0	0.0	0.0
ajmc	stacked	english	bert-base-multilingual-cased	2	adatrans	12	128	sin	0.6	0.4	last	2e-05	0.621	0.621	0.621	0.477	0.477	0.477	0.509	0.509	0.509	0.393	0.393	0.393
ajmc	stacked	german	bert-base-multilingual-cased	2	adatrans	12	128	sin	0.6	0.6	first	2e-05	0.737	0.737	0.737	0.66	0.66	0.66	0.582	0.582	0.582	0.469	0.469	0.469
newseye	stacked	finnish	bert-base-multilingual-cased	2	adatrans	12	128	sin	0.4	0.8	avg	2e-05	0.563	0.563	0.563	0.344	0.344	0.344	0.0	0.0	0.0	0.0	0.0	0.0
newseye	stacked	swedish	bert-base-multilingual-cased	2	adatrans	12	128	sin	0.4	0.6	first	2e-05	0.61	0.61	0.61	0.431	0.431	0.431	0.0	0.0	0.0	0.0	0.0	0.0
ajmc	stacked	english	bert-base-multilingual-cased	2	adatrans	12	128	sin	0.6	0.6	avg	2e-05	0.569	0.569	0.569	0.395	0.395	0.395	0.492	0.492	0.492	0.322	0.322	0.322
ajmc	stacked	german	bert-base-multilingual-cased	2	adatrans	12	128	sin	0.6	0.6	last	2e-05	0.734	0.734	0.734	0.651	0.651	0.651	0.545	0.545	0.545	0.453	0.453	0.453
hipe2020	stacked	french	bert-base-multilingual-cased	1	adatrans	12	128	sin	0.6	0.8	first	2e-05	0.788	0.788	0.788	0.66	0.66	0.66	0.597	0.597	0.597	0.478	0.478	0.478
newseye	stacked	finnish	bert-base-multilingual-cased	2	adatrans	12	128	sin	0.4	0.8	max	2e-05	0.578	0.578	0.578	0.388	0.388	0.388	0.0	0.0	0.0	0.0	0.0	0.0
newseye	stacked	swedish	bert-base-multilingual-cased	2	adatrans	12	128	sin	0.4	0.6	last	2e-05	0.611	0.611	0.611	0.468	0.468	0.468	0.0	0.0	0.0	0.0	0.0	0.0
ajmc	stacked	english	bert-base-multilingual-cased	2	adatrans	12	128	sin	0.6	0.6	max	2e-05	0.597	0.597	0.597	0.406	0.406	0.406	0.503	0.503	0.503	0.324	0.324	0.324
ajmc	stacked	german	bert-base-multilingual-cased	2	adatrans	12	128	sin	0.6	0.8	avg	2e-05	0.72	0.72	0.72	0.625	0.625	0.625	0.415	0.415	0.415	0.253	0.253	0.253
newseye	stacked	finnish	bert-base-multilingual-cased	2	adatrans	12	128	sin	0.4	0.8	first	2e-05	0.506	0.506	0.506	0.288	0.288	0.288	0.0	0.0	0.0	0.0	0.0	0.0
ajmc	stacked	english	bert-base-multilingual-cased	2	adatrans	12	128	sin	0.6	0.6	first	2e-05	0.598	0.598	0.598	0.407	0.407	0.407	0.499	0.499	0.499	0.3	0.3	0.3
ajmc	stacked	german	bert-base-multilingual-cased	2	adatrans	12	128	sin	0.6	0.8	max	2e-05	0.324	0.324	0.324	0.126	0.126	0.126	0.424	0.424	0.424	0.124	0.124	0.124
newseye	stacked	swedish	bert-base-multilingual-cased	2	adatrans	12	128	sin	0.4	0.8	avg	2e-05	0.548	0.548	0.548	0.377	0.377	0.377	0.0	0.0	0.0	0.0	0.0	0.0
hipe2020	stacked	french	bert-base-multilingual-cased	1	adatrans	12	128	sin	0.6	0.8	last	2e-05	0.766	0.766	0.766	0.645	0.645	0.645	0.573	0.573	0.573	0.455	0.455	0.455
newseye	stacked	finnish	bert-base-multilingual-cased	2	adatrans	12	128	sin	0.4	0.8	last	2e-05	0.57	0.57	0.57	0.349	0.349	0.349	0.0	0.0	0.0	0.0	0.0	0.0
ajmc	stacked	german	bert-base-multilingual-cased	2	adatrans	12	128	sin	0.6	0.8	first	2e-05	0.418	0.418	0.418	0.311	0.311	0.311	0.397	0.397	0.397	0.162	0.162	0.162
ajmc	stacked	english	bert-base-multilingual-cased	2	adatrans	12	128	sin	0.6	0.6	last	2e-05	0.581	0.581	0.581	0.444	0.444	0.444	0.477	0.477	0.477	0.35	0.35	0.35
newseye	stacked	swedish	bert-base-multilingual-cased	2	adatrans	12	128	sin	0.4	0.8	max	2e-05	0.552	0.552	0.552	0.405	0.405	0.405	0.0	0.0	0.0	0.0	0.0	0.0
ajmc	stacked	german	bert-base-multilingual-cased	2	adatrans	12	128	sin	0.6	0.8	last	2e-05	0.627	0.627	0.627	0.527	0.527	0.527	0.453	0.453	0.453	0.283	0.283	0.283
ajmc	stacked	english	bert-base-multilingual-cased	2	adatrans	12	128	sin	0.6	0.8	avg	2e-05	0.438	0.438	0.438	0.3	0.3	0.3	0.414	0.414	0.414	0.242	0.242	0.242
newseye	stacked	finnish	bert-base-multilingual-cased	2	adatrans	12	128	sin	0.6	0.4	avg	2e-05	0.538	0.538	0.538	0.317	0.317	0.317	0.0	0.0	0.0	0.0	0.0	0.0
hipe2020	stacked	french	bert-base-multilingual-cased	1	adatrans	12	128	sin	0.8	0.4	avg	2e-05	0.774	0.774	0.774	0.648	0.648	0.648	0.574	0.574	0.574	0.459	0.459	0.459
newseye	stacked	swedish	bert-base-multilingual-cased	2	adatrans	12	128	sin	0.4	0.8	first	2e-05	0.571	0.571	0.571	0.425	0.425	0.425	0.0	0.0	0.0	0.0	0.0	0.0
ajmc	stacked	german	bert-base-multilingual-cased	2	adatrans	12	128	sin	0.8	0.4	avg	2e-05	0.225	0.225	0.225	0.09	0.09	0.09	0.22	0.22	0.22	0.071	0.071	0.071
ajmc	stacked	english	bert-base-multilingual-cased	2	adatrans	12	128	sin	0.6	0.8	max	2e-05	0.412	0.412	0.412	0.338	0.338	0.338	0.324	0.324	0.324	0.169	0.169	0.169
newseye	stacked	finnish	bert-base-multilingual-cased	2	adatrans	12	128	sin	0.6	0.4	max	2e-05	0.564	0.564	0.564	0.38	0.38	0.38	0.0	0.0	0.0	0.0	0.0	0.0
ajmc	stacked	german	bert-base-multilingual-cased	2	adatrans	12	128	sin	0.8	0.4	max	2e-05	0.209	0.209	0.209	0.0	0.0	0.0	0.208	0.208	0.208	0.042	0.042	0.042
ajmc	stacked	english	bert-base-multilingual-cased	2	adatrans	12	128	sin	0.6	0.8	first	2e-05	0.472	0.472	0.472	0.383	0.383	0.383	0.408	0.408	0.408	0.207	0.207	0.207
newseye	stacked	swedish	bert-base-multilingual-cased	2	adatrans	12	128	sin	0.4	0.8	last	2e-05	0.546	0.546	0.546	0.367	0.367	0.367	0.0	0.0	0.0	0.0	0.0	0.0
newseye	stacked	finnish	bert-base-multilingual-cased	2	adatrans	12	128	sin	0.6	0.4	first	2e-05	0.592	0.592	0.592	0.364	0.364	0.364	0.0	0.0	0.0	0.0	0.0	0.0
ajmc	stacked	german	bert-base-multilingual-cased	2	adatrans	12	128	sin	0.8	0.4	first	2e-05	0.234	0.234	0.234	0.127	0.127	0.127	0.222	0.222	0.222	0.117	0.117	0.117
hipe2020	stacked	french	bert-base-multilingual-cased	1	adatrans	12	128	sin	0.8	0.4	max	2e-05	0.802	0.802	0.802	0.672	0.672	0.672	0.602	0.602	0.602	0.487	0.487	0.487
ajmc	stacked	english	bert-base-multilingual-cased	2	adatrans	12	128	sin	0.6	0.8	last	2e-05	0.409	0.409	0.409	0.319	0.319	0.319	0.36	0.36	0.36	0.192	0.192	0.192
newseye	stacked	swedish	bert-base-multilingual-cased	2	adatrans	12	128	sin	0.6	0.4	avg	2e-05	0.548	0.548	0.548	0.398	0.398	0.398	0.0	0.0	0.0	0.0	0.0	0.0
ajmc	stacked	german	bert-base-multilingual-cased	2	adatrans	12	128	sin	0.8	0.4	last	2e-05	0.266	0.266	0.266	0.055	0.055	0.055	0.244	0.244	0.244	0.041	0.041	0.041
newseye	stacked	finnish	bert-base-multilingual-cased	2	adatrans	12	128	sin	0.6	0.4	last	2e-05	0.664	0.664	0.664	0.333	0.333	0.333	0.0	0.0	0.0	0.0	0.0	0.0
ajmc	stacked	english	bert-base-multilingual-cased	2	adatrans	12	128	sin	0.8	0.4	avg	2e-05	0.166	0.166	0.166	0.098	0.098	0.098	0.161	0.161	0.161	0.047	0.047	0.047
ajmc	stacked	german	bert-base-multilingual-cased	2	adatrans	12	128	sin	0.8	0.6	avg	2e-05	0.22	0.22	0.22	0.071	0.071	0.071	0.237	0.237	0.237	0.091	0.091	0.091
newseye	stacked	swedish	bert-base-multilingual-cased	2	adatrans	12	128	sin	0.6	0.4	max	2e-05	0.542	0.542	0.542	0.38	0.38	0.38	0.0	0.0	0.0	0.0	0.0	0.0
ajmc	stacked	english	bert-base-multilingual-cased	2	adatrans	12	128	sin	0.8	0.4	max	2e-05	0.152	0.152	0.152	0.019	0.019	0.019	0.171	0.171	0.171	0.014	0.014	0.014
newseye	stacked	finnish	bert-base-multilingual-cased	2	adatrans	12	128	sin	0.6	0.6	avg	2e-05	0.526	0.526	0.526	0.335	0.335	0.335	0.0	0.0	0.0	0.0	0.0	0.0
hipe2020	stacked	french	bert-base-multilingual-cased	1	adatrans	12	128	sin	0.8	0.4	first	2e-05	0.788	0.788	0.788	0.652	0.652	0.652	0.587	0.587	0.587	0.465	0.465	0.465
ajmc	stacked	german	bert-base-multilingual-cased	2	adatrans	12	128	sin	0.8	0.6	max	2e-05	0.106	0.106	0.106	0.0	0.0	0.0	0.206	0.206	0.206	0.049	0.049	0.049
ajmc	stacked	english	bert-base-multilingual-cased	2	adatrans	12	128	sin	0.8	0.4	first	2e-05	0.13	0.13	0.13	0.047	0.047	0.047	0.156	0.156	0.156	0.015	0.015	0.015
newseye	stacked	swedish	bert-base-multilingual-cased	2	adatrans	12	128	sin	0.6	0.4	first	2e-05	0.557	0.557	0.557	0.375	0.375	0.375	0.0	0.0	0.0	0.0	0.0	0.0
ajmc	stacked	german	bert-base-multilingual-cased	2	adatrans	12	128	sin	0.8	0.6	first	2e-05	0.132	0.132	0.132	0.0	0.0	0.0	0.208	0.208	0.208	0.031	0.031	0.031
newseye	stacked	finnish	bert-base-multilingual-cased	2	adatrans	12	128	sin	0.6	0.6	max	2e-05	0.536	0.536	0.536	0.266	0.266	0.266	0.0	0.0	0.0	0.0	0.0	0.0
ajmc	stacked	english	bert-base-multilingual-cased	2	adatrans	12	128	sin	0.8	0.4	last	2e-05	0.184	0.184	0.184	0.129	0.129	0.129	0.14	0.14	0.14	0.065	0.065	0.065
ajmc	stacked	german	bert-base-multilingual-cased	2	adatrans	12	128	sin	0.8	0.6	last	2e-05	0.208	0.208	0.208	0.052	0.052	0.052	0.227	0.227	0.227	0.054	0.054	0.054
hipe2020	stacked	french	bert-base-multilingual-cased	1	adatrans	12	128	sin	0.8	0.4	last	2e-05	0.768	0.768	0.768	0.647	0.647	0.647	0.573	0.573	0.573	0.455	0.455	0.455
newseye	stacked	swedish	bert-base-multilingual-cased	2	adatrans	12	128	sin	0.6	0.4	last	2e-05	0.539	0.539	0.539	0.364	0.364	0.364	0.0	0.0	0.0	0.0	0.0	0.0
newseye	stacked	finnish	bert-base-multilingual-cased	2	adatrans	12	128	sin	0.6	0.6	first	2e-05	0.502	0.502	0.502	0.266	0.266	0.266	0.0	0.0	0.0	0.0	0.0	0.0
ajmc	stacked	english	bert-base-multilingual-cased	2	adatrans	12	128	sin	0.8	0.6	avg	2e-05	0.238	0.238	0.238	0.112	0.112	0.112	0.173	0.173	0.173	0.016	0.016	0.016
ajmc	stacked	german	bert-base-multilingual-cased	2	adatrans	12	128	sin	0.8	0.8	avg	2e-05	0.0	0.0	0.0	0.0	0.0	0.0	0.0	0.0	0.0	0.0	0.0	0.0
newseye	stacked	finnish	bert-base-multilingual-cased	2	adatrans	12	128	sin	0.6	0.6	last	2e-05	0.547	0.547	0.547	0.282	0.282	0.282	0.0	0.0	0.0	0.0	0.0	0.0
newseye	stacked	swedish	bert-base-multilingual-cased	2	adatrans	12	128	sin	0.6	0.6	avg	2e-05	0.505	0.505	0.505	0.329	0.329	0.329	0.0	0.0	0.0	0.0	0.0	0.0
ajmc	stacked	german	bert-base-multilingual-cased	2	adatrans	12	128	sin	0.8	0.8	max	2e-05	0.0	0.0	0.0	0.0	0.0	0.0	0.0	0.0	0.0	0.0	0.0	0.0
ajmc	stacked	english	bert-base-multilingual-cased	2	adatrans	12	128	sin	0.8	0.6	max	2e-05	0.229	0.229	0.229	0.106	0.106	0.106	0.181	0.181	0.181	0.024	0.024	0.024
hipe2020	stacked	french	bert-base-multilingual-cased	1	adatrans	12	128	sin	0.8	0.6	avg	2e-05	0.792	0.792	0.792	0.659	0.659	0.659	0.567	0.567	0.567	0.445	0.445	0.445
ajmc	stacked	german	bert-base-multilingual-cased	2	adatrans	12	128	sin	0.8	0.8	first	2e-05	0.242	0.242	0.242	0.115	0.115	0.115	0.293	0.293	0.293	0.093	0.093	0.093
newseye	stacked	finnish	bert-base-multilingual-cased	2	adatrans	12	128	sin	0.6	0.8	avg	2e-05	0.578	0.578	0.578	0.202	0.202	0.202	0.0	0.0	0.0	0.0	0.0	0.0
ajmc	stacked	english	bert-base-multilingual-cased	2	adatrans	12	128	sin	0.8	0.6	first	2e-05	0.179	0.179	0.179	0.05	0.05	0.05	0.171	0.171	0.171	0.014	0.014	0.014
newseye	stacked	swedish	bert-base-multilingual-cased	2	adatrans	12	128	sin	0.6	0.6	max	2e-05	0.503	0.503	0.503	0.356	0.356	0.356	0.0	0.0	0.0	0.0	0.0	0.0
ajmc	stacked	german	bert-base-multilingual-cased	2	adatrans	12	128	sin	0.8	0.8	last	2e-05	0.0	0.0	0.0	0.0	0.0	0.0	0.0	0.0	0.0	0.0	0.0	0.0
ajmc	stacked	english	bert-base-multilingual-cased	2	adatrans	12	128	sin	0.8	0.6	last	2e-05	0.227	0.227	0.227	0.045	0.045	0.045	0.218	0.218	0.218	0.011	0.011	0.011
newseye	stacked	finnish	bert-base-multilingual-cased	2	adatrans	12	128	sin	0.6	0.8	max	2e-05	0.886	0.886	0.886	0.152	0.152	0.152	0.0	0.0	0.0	0.0	0.0	0.0
newseye	stacked	swedish	bert-base-multilingual-cased	2	adatrans	12	128	sin	0.6	0.6	first	2e-05	0.491	0.491	0.491	0.333	0.333	0.333	0.0	0.0	0.0	0.0	0.0	0.0
ajmc	stacked	german	bert-base-multilingual-cased	3	adatrans	12	128	sin	0.4	0.4	avg	2e-05	0.741	0.741	0.741	0.664	0.664	0.664	0.622	0.622	0.622	0.529	0.529	0.529
hipe2020	stacked	french	bert-base-multilingual-cased	1	adatrans	12	128	sin	0.8	0.6	max	2e-05	0.796	0.796	0.796	0.668	0.668	0.668	0.59	0.59	0.59	0.474	0.474	0.474
ajmc	stacked	english	bert-base-multilingual-cased	2	adatrans	12	128	sin	0.8	0.8	avg	2e-05	0.193	0.193	0.193	0.106	0.106	0.106	0.161	0.161	0.161	0.057	0.057	0.057
newseye	stacked	finnish	bert-base-multilingual-cased	2	adatrans	12	128	sin	0.6	0.8	first	2e-05	0.789	0.789	0.789	0.197	0.197	0.197	0.0	0.0	0.0	0.0	0.0	0.0
newseye	stacked	swedish	bert-base-multilingual-cased	2	adatrans	12	128	sin	0.6	0.6	last	2e-05	0.527	0.527	0.527	0.363	0.363	0.363	0.0	0.0	0.0	0.0	0.0	0.0
ajmc	stacked	german	bert-base-multilingual-cased	3	adatrans	12	128	sin	0.4	0.4	max	2e-05	0.807	0.807	0.807	0.72	0.72	0.72	0.712	0.712	0.712	0.633	0.633	0.633
ajmc	stacked	english	bert-base-multilingual-cased	2	adatrans	12	128	sin	0.8	0.8	max	2e-05	0.193	0.193	0.193	0.074	0.074	0.074	0.155	0.155	0.155	0.019	0.019	0.019
newseye	stacked	finnish	bert-base-multilingual-cased	2	adatrans	12	128	sin	0.6	0.8	last	2e-05	0.83	0.83	0.83	0.354	0.354	0.354	0.0	0.0	0.0	0.0	0.0	0.0
newseye	stacked	swedish	bert-base-multilingual-cased	2	adatrans	12	128	sin	0.6	0.8	avg	2e-05	0.511	0.511	0.511	0.339	0.339	0.339	0.0	0.0	0.0	0.0	0.0	0.0
ajmc	stacked	english	bert-base-multilingual-cased	2	adatrans	12	128	sin	0.8	0.8	first	2e-05	0.138	0.138	0.138	0.0	0.0	0.0	0.133	0.133	0.133	0.004	0.004	0.004
ajmc	stacked	german	bert-base-multilingual-cased	3	adatrans	12	128	sin	0.4	0.4	first	2e-05	0.763	0.763	0.763	0.668	0.668	0.668	0.639	0.639	0.639	0.548	0.548	0.548
hipe2020	stacked	french	bert-base-multilingual-cased	1	adatrans	12	128	sin	0.8	0.6	first	2e-05	0.798	0.798	0.798	0.664	0.664	0.664	0.583	0.583	0.583	0.463	0.463	0.463
newseye	stacked	finnish	bert-base-multilingual-cased	2	adatrans	12	128	sin	0.8	0.4	avg	2e-05	0.887	0.887	0.887	0.075	0.075	0.075	0.0	0.0	0.0	0.0	0.0	0.0
ajmc	stacked	english	bert-base-multilingual-cased	2	adatrans	12	128	sin	0.8	0.8	last	2e-05	0.154	0.154	0.154	0.0	0.0	0.0	0.135	0.135	0.135	0.019	0.019	0.019
ajmc	stacked	german	bert-base-multilingual-cased	3	adatrans	12	128	sin	0.4	0.4	last	2e-05	0.707	0.707	0.707	0.646	0.646	0.646	0.61	0.61	0.61	0.529	0.529	0.529
newseye	stacked	swedish	bert-base-multilingual-cased	2	adatrans	12	128	sin	0.6	0.8	max	2e-05	0.546	0.546	0.546	0.315	0.315	0.315	0.0	0.0	0.0	0.0	0.0	0.0
newseye	stacked	finnish	bert-base-multilingual-cased	2	adatrans	12	128	sin	0.8	0.4	max	2e-05	0.0	0.0	0.0	0.0	0.0	0.0	0.0	0.0	0.0	0.0	0.0	0.0
ajmc	stacked	english	bert-base-multilingual-cased	3	adatrans	12	128	sin	0.4	0.4	avg	2e-05	0.702	0.702	0.702	0.628	0.628	0.628	0.591	0.591	0.591	0.484	0.484	0.484
ajmc	stacked	german	bert-base-multilingual-cased	3	adatrans	12	128	sin	0.4	0.6	avg	2e-05	0.699	0.699	0.699	0.614	0.614	0.614	0.58	0.58	0.58	0.445	0.445	0.445
newseye	stacked	swedish	bert-base-multilingual-cased	2	adatrans	12	128	sin	0.6	0.8	first	2e-05	0.52	0.52	0.52	0.315	0.315	0.315	0.0	0.0	0.0	0.0	0.0	0.0
hipe2020	stacked	french	bert-base-multilingual-cased	1	adatrans	12	128	sin	0.8	0.6	last	2e-05	0.778	0.778	0.778	0.656	0.656	0.656	0.562	0.562	0.562	0.446	0.446	0.446
newseye	stacked	finnish	bert-base-multilingual-cased	2	adatrans	12	128	sin	0.8	0.4	first	2e-05	0.806	0.806	0.806	0.032	0.032	0.032	0.0	0.0	0.0	0.0	0.0	0.0
ajmc	stacked	english	bert-base-multilingual-cased	3	adatrans	12	128	sin	0.4	0.4	max	2e-05	0.78	0.78	0.78	0.71	0.71	0.71	0.662	0.662	0.662	0.573	0.573	0.573
ajmc	stacked	german	bert-base-multilingual-cased	3	adatrans	12	128	sin	0.4	0.6	max	2e-05	0.767	0.767	0.767	0.687	0.687	0.687	0.7	0.7	0.7	0.608	0.608	0.608
newseye	stacked	swedish	bert-base-multilingual-cased	2	adatrans	12	128	sin	0.6	0.8	last	2e-05	0.579	0.579	0.579	0.301	0.301	0.301	0.0	0.0	0.0	0.0	0.0	0.0
newseye	stacked	finnish	bert-base-multilingual-cased	2	adatrans	12	128	sin	0.8	0.4	last	2e-05	0.0	0.0	0.0	0.0	0.0	0.0	0.0	0.0	0.0	0.0	0.0	0.0
ajmc	stacked	english	bert-base-multilingual-cased	3	adatrans	12	128	sin	0.4	0.4	first	2e-05	0.736	0.736	0.736	0.663	0.663	0.663	0.633	0.633	0.633	0.546	0.546	0.546
ajmc	stacked	german	bert-base-multilingual-cased	3	adatrans	12	128	sin	0.4	0.6	first	2e-05	0.778	0.778	0.778	0.702	0.702	0.702	0.683	0.683	0.683	0.59	0.59	0.59
newseye	stacked	swedish	bert-base-multilingual-cased	2	adatrans	12	128	sin	0.8	0.4	avg	2e-05	0.451	0.451	0.451	0.196	0.196	0.196	0.0	0.0	0.0	0.0	0.0	0.0
hipe2020	stacked	french	bert-base-multilingual-cased	1	adatrans	12	128	sin	0.8	0.8	avg	2e-05	0.756	0.756	0.756	0.629	0.629	0.629	0.528	0.528	0.528	0.414	0.414	0.414
newseye	stacked	finnish	bert-base-multilingual-cased	2	adatrans	12	128	sin	0.8	0.6	avg	2e-05	0.773	0.773	0.773	0.023	0.023	0.023	0.0	0.0	0.0	0.0	0.0	0.0
ajmc	stacked	english	bert-base-multilingual-cased	3	adatrans	12	128	sin	0.4	0.4	last	2e-05	0.7	0.7	0.7	0.64	0.64	0.64	0.584	0.584	0.584	0.486	0.486	0.486
ajmc	stacked	german	bert-base-multilingual-cased	3	adatrans	12	128	sin	0.4	0.6	last	2e-05	0.77	0.77	0.77	0.698	0.698	0.698	0.701	0.701	0.701	0.63	0.63	0.63
newseye	stacked	swedish	bert-base-multilingual-cased	2	adatrans	12	128	sin	0.8	0.4	max	2e-05	0.531	0.531	0.531	0.071	0.071	0.071	0.0	0.0	0.0	0.0	0.0	0.0
newseye	stacked	finnish	bert-base-multilingual-cased	2	adatrans	12	128	sin	0.8	0.6	max	2e-05	0.0	0.0	0.0	0.0	0.0	0.0	0.0	0.0	0.0	0.0	0.0	0.0
ajmc	stacked	german	bert-base-multilingual-cased	3	adatrans	12	128	sin	0.4	0.8	avg	2e-05	0.664	0.664	0.664	0.5	0.5	0.5	0.471	0.471	0.471	0.299	0.299	0.299
ajmc	stacked	english	bert-base-multilingual-cased	3	adatrans	12	128	sin	0.4	0.6	avg	2e-05	0.685	0.685	0.685	0.572	0.572	0.572	0.603	0.603	0.603	0.469	0.469	0.469
hipe2020	stacked	french	bert-base-multilingual-cased	1	adatrans	12	128	sin	0.8	0.8	max	2e-05	0.795	0.795	0.795	0.669	0.669	0.669	0.559	0.559	0.559	0.443	0.443	0.443
newseye	stacked	swedish	bert-base-multilingual-cased	2	adatrans	12	128	sin	0.8	0.4	first	2e-05	0.376	0.376	0.376	0.164	0.164	0.164	0.0	0.0	0.0	0.0	0.0	0.0
newseye	stacked	finnish	bert-base-multilingual-cased	2	adatrans	12	128	sin	0.8	0.6	first	2e-05	0.0	0.0	0.0	0.0	0.0	0.0	0.0	0.0	0.0	0.0	0.0	0.0
ajmc	stacked	german	bert-base-multilingual-cased	3	adatrans	12	128	sin	0.4	0.8	max	2e-05	0.74	0.74	0.74	0.652	0.652	0.652	0.605	0.605	0.605	0.512	0.512	0.512
ajmc	stacked	english	bert-base-multilingual-cased	3	adatrans	12	128	sin	0.4	0.6	max	2e-05	0.668	0.668	0.668	0.571	0.571	0.571	0.556	0.556	0.556	0.434	0.434	0.434
newseye	stacked	finnish	bert-base-multilingual-cased	2	adatrans	12	128	sin	0.8	0.6	last	2e-05	0.0	0.0	0.0	0.0	0.0	0.0	0.0	0.0	0.0	0.0	0.0	0.0
newseye	stacked	swedish	bert-base-multilingual-cased	2	adatrans	12	128	sin	0.8	0.4	last	2e-05	0.512	0.512	0.512	0.122	0.122	0.122	0.0	0.0	0.0	0.0	0.0	0.0
ajmc	stacked	german	bert-base-multilingual-cased	3	adatrans	12	128	sin	0.4	0.8	first	2e-05	0.597	0.597	0.597	0.461	0.461	0.461	0.493	0.493	0.493	0.278	0.278	0.278
ajmc	stacked	english	bert-base-multilingual-cased	3	adatrans	12	128	sin	0.4	0.6	first	2e-05	0.693	0.693	0.693	0.617	0.617	0.617	0.574	0.574	0.574	0.474	0.474	0.474
hipe2020	stacked	french	bert-base-multilingual-cased	1	adatrans	12	128	sin	0.8	0.8	first	2e-05	0.78	0.78	0.78	0.652	0.652	0.652	0.556	0.556	0.556	0.442	0.442	0.442
newseye	stacked	finnish	bert-base-multilingual-cased	2	adatrans	12	128	sin	0.8	0.8	avg	2e-05	0.0	0.0	0.0	0.0	0.0	0.0	0.0	0.0	0.0	0.0	0.0	0.0
newseye	stacked	swedish	bert-base-multilingual-cased	2	adatrans	12	128	sin	0.8	0.6	avg	2e-05	0.0	0.0	0.0	0.0	0.0	0.0	0.0	0.0	0.0	0.0	0.0	0.0
ajmc	stacked	german	bert-base-multilingual-cased	3	adatrans	12	128	sin	0.4	0.8	last	2e-05	0.609	0.609	0.609	0.452	0.452	0.452	0.517	0.517	0.517	0.292	0.292	0.292
ajmc	stacked	english	bert-base-multilingual-cased	3	adatrans	12	128	sin	0.4	0.6	last	2e-05	0.676	0.676	0.676	0.569	0.569	0.569	0.527	0.527	0.527	0.423	0.423	0.423
newseye	stacked	finnish	bert-base-multilingual-cased	2	adatrans	12	128	sin	0.8	0.8	max	2e-05	0.0	0.0	0.0	0.0	0.0	0.0	0.0	0.0	0.0	0.0	0.0	0.0
newseye	stacked	swedish	bert-base-multilingual-cased	2	adatrans	12	128	sin	0.8	0.6	max	2e-05	0.0	0.0	0.0	0.0	0.0	0.0	0.0	0.0	0.0	0.0	0.0	0.0
ajmc	stacked	german	bert-base-multilingual-cased	3	adatrans	12	128	sin	0.6	0.4	avg	2e-05	0.332	0.332	0.332	0.153	0.153	0.153	0.415	0.415	0.415	0.17	0.17	0.17
ajmc	stacked	english	bert-base-multilingual-cased	3	adatrans	12	128	sin	0.4	0.8	avg	2e-05	0.58	0.58	0.58	0.385	0.385	0.385	0.493	0.493	0.493	0.315	0.315	0.315
hipe2020	stacked	french	bert-base-multilingual-cased	1	adatrans	12	128	sin	0.8	0.8	last	2e-05	0.787	0.787	0.787	0.656	0.656	0.656	0.555	0.555	0.555	0.433	0.433	0.433
newseye	stacked	finnish	bert-base-multilingual-cased	2	adatrans	12	128	sin	0.8	0.8	first	2e-05	0.0	0.0	0.0	0.0	0.0	0.0	0.0	0.0	0.0	0.0	0.0	0.0
newseye	stacked	swedish	bert-base-multilingual-cased	2	adatrans	12	128	sin	0.8	0.6	first	2e-05	0.483	0.483	0.483	0.07	0.07	0.07	0.0	0.0	0.0	0.0	0.0	0.0
ajmc	stacked	german	bert-base-multilingual-cased	3	adatrans	12	128	sin	0.6	0.4	max	2e-05	0.53	0.53	0.53	0.411	0.411	0.411	0.402	0.402	0.402	0.211	0.211	0.211
ajmc	stacked	english	bert-base-multilingual-cased	3	adatrans	12	128	sin	0.4	0.8	max	2e-05	0.626	0.626	0.626	0.419	0.419	0.419	0.512	0.512	0.512	0.329	0.329	0.329
ajmc	bert	multilingual	bert-base-multilingual-cased	-	-	-	-	-	-	-	-	2e-05	0.725	0.725	0.725	0.655	0.655	0.655	0.544	0.544	0.544	0.429	0.429	0.429
newseye	stacked	finnish	bert-base-multilingual-cased	2	adatrans	12	128	sin	0.8	0.8	last	2e-05	0.0	0.0	0.0	0.0	0.0	0.0	0.0	0.0	0.0	0.0	0.0	0.0
newseye	bert	multilingual	bert-base-multilingual-cased	-	-	-	-	-	-	-	-	2e-05	0.611	0.611	0.611	0.392	0.392	0.392	0.0	0.0	0.0	0.0	0.0	0.0
ajmc	stacked	german	bert-base-german-cased	1	adatrans	12	128	sin	0.4	0.4	avg	2e-05	0.851	0.851	0.851	0.804	0.804	0.804	0.805	0.805	0.805	0.739	0.739	0.739
ajmc	stacked	english	bert-base-cased	1	adatrans	12	128	sin	0.4	0.4	avg	2e-05	0.756	0.756	0.756	0.688	0.688	0.688	0.65	0.65	0.65	0.538	0.538	0.538
ajmc	bert	multilingual	bert-base-multilingual-uncased	-	-	-	-	-	-	-	-	2e-05	0.824	0.824	0.824	0.771	0.771	0.771	0.606	0.606	0.606	0.508	0.508	0.508
newseye	bert	multilingual	bert-base-multilingual-uncased	-	-	-	-	-	-	-	-	2e-05	0.586	0.586	0.586	0.441	0.441	0.441	0.0	0.0	0.0	0.0	0.0	0.0
newseye	stacked	swedish	bert-base-multilingual-cased	2	adatrans	12	128	sin	0.8	0.6	last	2e-05	0.524	0.524	0.524	0.0	0.0	0.0	0.0	0.0	0.0	0.0	0.0	0.0
newseye	stacked	finnish	bert-base-finnish-cased-v1	1	adatrans	12	128	sin	0.4	0.4	avg	2e-05	0.689	0.689	0.689	0.512	0.512	0.512	1.0	1.0	1.0	0.0	0.0	0.0
newseye	stacked	swedish	bert-base-swedish-cased	1	adatrans	12	128	sin	0.4	0.4	avg	2e-05	0.765	0.765	0.765	0.645	0.645	0.645	0.0	0.0	0.0	0.0	0.0	0.0
ajmc	stacked	german	bert-base-multilingual-cased	3	adatrans	12	128	sin	0.6	0.4	first	2e-05	0.402	0.402	0.402	0.263	0.263	0.263	0.489	0.489	0.489	0.252	0.252	0.252
hipe2020	bert	multilingual	bert-base-multilingual-cased	-	-	-	-	-	-	-	-	2e-05	0.47	0.47	0.47	0.386	0.386	0.386	0.642	0.642	0.642	0.508	0.508	0.508
ajmc	bert	multilingual	bert-medium-historic-multilingual-cased	-	-	-	-	-	-	-	-	2e-05	0.752	0.752	0.752	0.678	0.678	0.678	0.602	0.602	0.602	0.463	0.463	0.463
newseye	bert	multilingual	bert-medium-historic-multilingual-cased	-	-	-	-	-	-	-	-	2e-05	0.396	0.396	0.396	0.199	0.199	0.199	0.0	0.0	0.0	0.0	0.0	0.0
ajmc	stacked	english	bert-base-multilingual-cased	3	adatrans	12	128	sin	0.4	0.8	first	2e-05	0.639	0.639	0.639	0.47	0.47	0.47	0.609	0.609	0.609	0.393	0.393	0.393
ajmc	bert	multilingual	bert-mini-historic-multilingual-cased	-	-	-	-	-	-	-	-	2e-05	0.432	0.432	0.432	0.338	0.338	0.338	0.382	0.382	0.382	0.221	0.221	0.221
ajmc	bert	multilingual	bert-base-historic-multilingual-cased	-	-	-	-	-	-	-	-	2e-05	0.706	0.706	0.706	0.608	0.608	0.608	0.54	0.54	0.54	0.415	0.415	0.415
ajmc	bert	multilingual	bert-medium-historic-multilingual-cased	-	-	-	-	-	-	-	-	2e-05	0.752	0.752	0.752	0.678	0.678	0.678	0.602	0.602	0.602	0.463	0.463	0.463
ajmc	bert	multilingual	bert-mini-historic-multilingual-cased	-	-	-	-	-	-	-	-	2e-05	0.432	0.432	0.432	0.338	0.338	0.338	0.382	0.382	0.382	0.221	0.221	0.221
newseye	bert	multilingual	bert-mini-historic-multilingual-cased	-	-	-	-	-	-	-	-	2e-05	0.0	0.0	0.0	0.0	0.0	0.0	0.0	0.0	0.0	0.0	0.0	0.0
newseye	bert	multilingual	bert-base-historic-multilingual-cased	-	-	-	-	-	-	-	-	2e-05	0.51	0.51	0.51	0.378	0.378	0.378	0.0	0.0	0.0	0.0	0.0	0.0
newseye	bert	multilingual	bert-medium-historic-multilingual-cased	-	-	-	-	-	-	-	-	2e-05	0.396	0.396	0.396	0.199	0.199	0.199	0.0	0.0	0.0	0.0	0.0	0.0
newseye	bert	multilingual	bert-mini-historic-multilingual-cased	-	-	-	-	-	-	-	-	2e-05	0.0	0.0	0.0	0.0	0.0	0.0	0.0	0.0	0.0	0.0	0.0	0.0
ajmc	stacked	german	bert-base-german-cased	1	adatrans	12	128	sin	0.4	0.4	max	2e-05	0.833	0.833	0.833	0.789	0.789	0.789	0.787	0.787	0.787	0.728	0.728	0.728
hipe2020	stacked	french	bert-base-multilingual-cased	2	adatrans	12	128	sin	0.4	0.4	avg	2e-05	0.807	0.807	0.807	0.674	0.674	0.674	0.622	0.622	0.622	0.506	0.506	0.506
ajmc	stacked	english	bert-base-cased	1	adatrans	12	128	sin	0.4	0.4	max	2e-05	0.771	0.771	0.771	0.712	0.712	0.712	0.668	0.668	0.668	0.566	0.566	0.566
ajmc	bert	english	bert-base-cased	-	-	-	-	-	-	-	-	2e-05	0.753	0.753	0.753	0.667	0.667	0.667	0.591	0.591	0.591	0.419	0.419	0.419
ajmc	bert	german	bert-base-german-cased	-	-	-	-	-	-	-	-	2e-05	0.816	0.816	0.816	0.77	0.77	0.77	0.687	0.687	0.687	0.614	0.614	0.614
newseye	bert	finnish	bert-base-finnish-cased-v1	-	-	-	-	-	-	-	-	2e-05	0.572	0.572	0.572	0.4	0.4	0.4	0.0	0.0	0.0	0.0	0.0	0.0
newseye	stacked	finnish	bert-base-finnish-cased-v1	1	adatrans	12	128	sin	0.4	0.4	max	2e-05	0.715	0.715	0.715	0.522	0.522	0.522	0.5	0.5	0.5	0.0	0.0	0.0
newseye	bert	swedish	bert-base-swedish-cased	-	-	-	-	-	-	-	-	2e-05	0.739	0.739	0.739	0.604	0.604	0.604	0.0	0.0	0.0	0.0	0.0	0.0
newseye	stacked	swedish	bert-base-swedish-cased	1	adatrans	12	128	sin	0.4	0.4	max	2e-05	0.743	0.743	0.743	0.616	0.616	0.616	0.0	0.0	0.0	0.0	0.0	0.0
hipe2020	bert	multilingual	bert-base-multilingual-uncased	-	-	-	-	-	-	-	-	2e-05	0.811	0.811	0.811	0.686	0.686	0.686	0.644	0.644	0.644	0.516	0.516	0.516
newseye	stacked	swedish	bert-base-multilingual-cased	2	adatrans	12	128	sin	0.8	0.8	avg	2e-05	0.0	0.0	0.0	0.0	0.0	0.0	0.0	0.0	0.0	0.0	0.0	0.0
ajmc	bert	english	bert-base-uncased	-	-	-	-	-	-	-	-	2e-05	0.713	0.713	0.713	0.611	0.611	0.611	0.516	0.516	0.516	0.371	0.371	0.371
newseye	stacked	finnish	bert-base-multilingual-cased	3	adatrans	12	128	sin	0.4	0.4	avg	2e-05	0.649	0.649	0.649	0.314	0.314	0.314	0.0	0.0	0.0	0.0	0.0	0.0
ajmc	bert	german	bert-base-german-europeana-cased	-	-	-	-	-	-	-	-	2e-05	0.747	0.747	0.747	0.677	0.677	0.677	0.624	0.624	0.624	0.544	0.544	0.544
ajmc	stacked	german	bert-base-german-cased	1	adatrans	12	128	sin	0.4	0.4	first	2e-05	0.868	0.868	0.868	0.814	0.814	0.814	0.813	0.813	0.813	0.737	0.737	0.737
ajmc	stacked	german	bert-base-multilingual-cased	3	adatrans	12	128	sin	0.6	0.4	last	2e-05	0.367	0.367	0.367	0.164	0.164	0.164	0.4	0.4	0.4	0.117	0.117	0.117
ajmc	stacked	english	bert-base-cased	1	adatrans	12	128	sin	0.4	0.4	first	2e-05	0.773	0.773	0.773	0.703	0.703	0.703	0.688	0.688	0.688	0.576	0.576	0.576
newseye	bert	finnish	bert-base-finnish-uncased-v1	-	-	-	-	-	-	-	-	2e-05	0.587	0.587	0.587	0.399	0.399	0.399	0.0	0.0	0.0	0.0	0.0	0.0
ajmc	stacked	english	bert-base-multilingual-cased	3	adatrans	12	128	sin	0.4	0.8	last	2e-05	0.62	0.62	0.62	0.514	0.514	0.514	0.544	0.544	0.544	0.423	0.423	0.423
ajmc	bert	german	bert-base-german-europeana-uncased	-	-	-	-	-	-	-	-	2e-05	0.729	0.729	0.729	0.671	0.671	0.671	0.616	0.616	0.616	0.524	0.524	0.524
newseye	bert	multilingual	bert-base-multilingual-cased	-	-	-	-	-	-	-	-	2e-05	0.611	0.611	0.611	0.392	0.392	0.392	0.0	0.0	0.0	0.0	0.0	0.0
newseye	bert	multilingual	bert-base-multilingual-uncased	-	-	-	-	-	-	-	-	2e-05	0.586	0.586	0.586	0.441	0.441	0.441	0.0	0.0	0.0	0.0	0.0	0.0
newseye	bert	multilingual	bert-base-historic-multilingual-cased	-	-	-	-	-	-	-	-	2e-05	0.51	0.51	0.51	0.378	0.378	0.378	0.0	0.0	0.0	0.0	0.0	0.0
newseye	bert	multilingual	bert-medium-historic-multilingual-cased	-	-	-	-	-	-	-	-	2e-05	0.396	0.396	0.396	0.199	0.199	0.199	0.0	0.0	0.0	0.0	0.0	0.0
newseye	bert	multilingual	bert-mini-historic-multilingual-cased	-	-	-	-	-	-	-	-	2e-05	0.0	0.0	0.0	0.0	0.0	0.0	0.0	0.0	0.0	0.0	0.0	0.0
newseye	stacked	finnish	bert-base-finnish-cased-v1	1	adatrans	12	128	sin	0.4	0.4	first	2e-05	0.711	0.711	0.711	0.531	0.531	0.531	0.5	0.5	0.5	0.0	0.0	0.0
newseye	stacked	swedish	bert-base-swedish-cased	1	adatrans	12	128	sin	0.4	0.4	first	2e-05	0.737	0.737	0.737	0.616	0.616	0.616	0.0	0.0	0.0	0.0	0.0	0.0
hipe2020	bert	multilingual	bert-base-historic-multilingual-cased	-	-	-	-	-	-	-	-	2e-05	0.357	0.357	0.357	0.302	0.302	0.302	0.589	0.589	0.589	0.464	0.464	0.464
ajmc	stacked	german	bert-base-german-cased	1	adatrans	12	128	sin	0.4	0.4	last	2e-05	0.863	0.863	0.863	0.813	0.813	0.813	0.78	0.78	0.78	0.72	0.72	0.72
ajmc	stacked	english	bert-base-cased	1	adatrans	12	128	sin	0.4	0.4	last	2e-05	0.734	0.734	0.734	0.673	0.673	0.673	0.607	0.607	0.607	0.511	0.511	0.511
newseye	stacked	swedish	bert-base-multilingual-cased	2	adatrans	12	128	sin	0.8	0.8	max	2e-05	0.0	0.0	0.0	0.0	0.0	0.0	0.0	0.0	0.0	0.0	0.0	0.0
hipe2020	bert	multilingual	bert-medium-historic-multilingual-cased	-	-	-	-	-	-	-	-	2e-05	0.787	0.787	0.787	0.66	0.66	0.66	0.571	0.571	0.571	0.451	0.451	0.451
hipe2020	stacked	french	bert-base-multilingual-cased	2	adatrans	12	128	sin	0.4	0.4	max	2e-05	0.807	0.807	0.807	0.678	0.678	0.678	0.641	0.641	0.641	0.53	0.53	0.53
ajmc	stacked	german	bert-base-multilingual-cased	3	adatrans	12	128	sin	0.6	0.6	avg	2e-05	0.242	0.242	0.242	0.094	0.094	0.094	0.388	0.388	0.388	0.124	0.124	0.124
newseye	stacked	finnish	bert-base-multilingual-cased	3	adatrans	12	128	sin	0.4	0.4	max	2e-05	0.57	0.57	0.57	0.335	0.335	0.335	1.0	1.0	1.0	0.0	0.0	0.0
newseye	stacked	finnish	bert-base-finnish-cased-v1	1	adatrans	12	128	sin	0.4	0.4	last	2e-05	0.683	0.683	0.683	0.51	0.51	0.51	0.75	0.75	0.75	0.0	0.0	0.0
ajmc	stacked	german	bert-base-german-cased	1	adatrans	12	128	sin	0.4	0.6	avg	2e-05	0.847	0.847	0.847	0.797	0.797	0.797	0.777	0.777	0.777	0.707	0.707	0.707
ajmc	stacked	english	bert-base-cased	1	adatrans	12	128	sin	0.4	0.6	avg	2e-05	0.758	0.758	0.758	0.699	0.699	0.699	0.643	0.643	0.643	0.539	0.539	0.539
hipe2020	bert	multilingual	bert-mini-historic-multilingual-cased	-	-	-	-	-	-	-	-	2e-05	0.255	0.255	0.255	0.189	0.189	0.189	0.461	0.461	0.461	0.315	0.315	0.315
newseye	stacked	swedish	bert-base-multilingual-cased	2	adatrans	12	128	sin	0.8	0.8	first	2e-05	0.0	0.0	0.0	0.0	0.0	0.0	0.0	0.0	0.0	0.0	0.0	0.0
ajmc	stacked	german	bert-base-german-cased	1	adatrans	12	128	sin	0.4	0.6	max	2e-05	0.854	0.854	0.854	0.807	0.807	0.807	0.793	0.793	0.793	0.733	0.733	0.733
newseye	bert	german	bert-base-german-cased	-	-	-	-	-	-	-	-	2e-05	0.493	0.493	0.493	0.416	0.416	0.416	0.0	0.0	0.0	0.0	0.0	0.0
ajmc	stacked	english	bert-base-cased	1	adatrans	12	128	sin	0.4	0.8	first	2e-05	0.739	0.739	0.739	0.661	0.661	0.661	0.621	0.621	0.621	0.489	0.489	0.489
newseye	stacked	finnish	bert-base-finnish-cased-v1	1	adatrans	12	128	sin	0.4	0.6	avg	2e-05	0.688	0.688	0.688	0.521	0.521	0.521	0.667	0.667	0.667	0.0	0.0	0.0
newseye	stacked	swedish	bert-base-swedish-cased	1	adatrans	12	128	sin	0.4	0.8	last	2e-05	0.73	0.73	0.73	0.587	0.587	0.587	0.0	0.0	0.0	0.0	0.0	0.0
hipe2020	bert	french	bert-base-french-europeana-cased	-	-	-	-	-	-	-	-	2e-05	0.416	0.416	0.416	0.354	0.354	0.354	0.643	0.643	0.643	0.532	0.532	0.532
ajmc	bert	multilingual	bert-base-multilingual-cased	-	-	-	-	-	-	-	-	2e-05	0.725	0.725	0.725	0.655	0.655	0.655	0.544	0.544	0.544	0.429	0.429	0.429
ajmc	bert	multilingual	bert-base-multilingual-uncased	-	-	-	-	-	-	-	-	2e-05	0.824	0.824	0.824	0.771	0.771	0.771	0.606	0.606	0.606	0.508	0.508	0.508
newseye	stacked	finnish	bert-base-multilingual-cased	3	adatrans	12	128	sin	0.4	0.4	first	2e-05	0.549	0.549	0.549	0.313	0.313	0.313	0.0	0.0	0.0	0.0	0.0	0.0
ajmc	bert	multilingual	bert-base-historic-multilingual-cased	-	-	-	-	-	-	-	-	2e-05	0.706	0.706	0.706	0.608	0.608	0.608	0.54	0.54	0.54	0.415	0.415	0.415
ajmc	bert	multilingual	bert-medium-historic-multilingual-cased	-	-	-	-	-	-	-	-	2e-05	0.752	0.752	0.752	0.678	0.678	0.678	0.602	0.602	0.602	0.463	0.463	0.463
ajmc	bert	multilingual	bert-mini-historic-multilingual-cased	-	-	-	-	-	-	-	-	2e-05	0.432	0.432	0.432	0.338	0.338	0.338	0.382	0.382	0.382	0.221	0.221	0.221
ajmc	stacked	german	bert-base-multilingual-cased	3	adatrans	12	128	sin	0.8	0.6	last	2e-05	0.0	0.0	0.0	0.0	0.0	0.0	0.0	0.0	0.0	0.0	0.0	0.0
ajmc	stacked	english	bert-base-multilingual-cased	3	adatrans	12	128	sin	0.8	0.6	last	2e-05	0.0	0.0	0.0	0.0	0.0	0.0	0.0	0.0	0.0	0.0	0.0	0.0
ajmc	stacked	german	bert-base-german-cased	1	adatrans	12	128	sin	0.4	0.6	first	2e-05	0.848	0.848	0.848	0.781	0.781	0.781	0.79	0.79	0.79	0.716	0.716	0.716
hipe2020	stacked	french	bert-base-multilingual-cased	2	adatrans	12	128	sin	0.4	0.4	first	2e-05	0.797	0.797	0.797	0.667	0.667	0.667	0.619	0.619	0.619	0.502	0.502	0.502
ajmc	bert	french	camembert-base	-	-	-	-	-	-	-	-	2e-05	0.0	0.0	0.0	0.0	0.0	0.0	0.0	0.0	0.0	0.0	0.0	0.0
ajmc	stacked	english	bert-base-cased	1	adatrans	12	128	sin	0.4	0.8	last	2e-05	0.687	0.687	0.687	0.615	0.615	0.615	0.541	0.541	0.541	0.439	0.439	0.439
newseye	stacked	swedish	bert-base-multilingual-cased	2	adatrans	12	128	sin	0.8	0.8	last	2e-05	0.0	0.0	0.0	0.0	0.0	0.0	0.0	0.0	0.0	0.0	0.0	0.0
newseye	stacked	finnish	bert-base-finnish-cased-v1	1	adatrans	12	128	sin	0.4	0.6	max	2e-05	0.716	0.716	0.716	0.535	0.535	0.535	0.75	0.75	0.75	0.0	0.0	0.0
newseye	stacked	swedish	bert-base-swedish-cased	1	adatrans	12	128	sin	0.6	0.4	avg	2e-05	0.705	0.705	0.705	0.558	0.558	0.558	0.0	0.0	0.0	0.0	0.0	0.0
ajmc	bert	french	bert-base-french-europeana-cased	-	-	-	-	-	-	-	-	2e-05	0.651	0.651	0.651	0.568	0.568	0.568	0.489	0.489	0.489	0.381	0.381	0.381
ajmc	stacked	german	bert-base-german-cased	1	adatrans	12	128	sin	0.4	0.6	last	2e-05	0.847	0.847	0.847	0.799	0.799	0.799	0.773	0.773	0.773	0.708	0.708	0.708
ajmc	stacked	english	bert-base-cased	1	adatrans	12	128	sin	0.6	0.4	avg	2e-05	0.731	0.731	0.731	0.656	0.656	0.656	0.594	0.594	0.594	0.483	0.483	0.483
ajmc	stacked	german	bert-base-multilingual-cased	3	adatrans	12	128	sin	0.8	0.8	avg	2e-05	0.0	0.0	0.0	0.0	0.0	0.0	0.0	0.0	0.0	0.0	0.0	0.0
ajmc	stacked	english	bert-base-multilingual-cased	3	adatrans	12	128	sin	0.8	0.8	avg	2e-05	0.0	0.0	0.0	0.0	0.0	0.0	0.0	0.0	0.0	0.0	0.0	0.0
newseye	stacked	finnish	bert-base-multilingual-cased	3	adatrans	12	128	sin	0.4	0.4	last	2e-05	0.555	0.555	0.555	0.334	0.334	0.334	0.0	0.0	0.0	0.0	0.0	0.0
newseye	bert	german	bert-base-german-europeana-cased	-	-	-	-	-	-	-	-	2e-05	0.348	0.348	0.348	0.284	0.284	0.284	0.0	0.0	0.0	0.0	0.0	0.0
newseye	stacked	finnish	bert-base-finnish-cased-v1	1	adatrans	12	128	sin	0.4	0.6	first	2e-05	0.686	0.686	0.686	0.499	0.499	0.499	0.0	0.0	0.0	0.0	0.0	0.0
newseye	stacked	swedish	bert-base-swedish-cased	1	adatrans	12	128	sin	0.6	0.4	max	2e-05	0.745	0.745	0.745	0.635	0.635	0.635	0.0	0.0	0.0	0.0	0.0	0.0
ajmc	stacked	german	bert-base-german-cased	1	adatrans	12	128	sin	0.4	0.8	avg	2e-05	0.824	0.824	0.824	0.749	0.749	0.749	0.739	0.739	0.739	0.664	0.664	0.664
ajmc	stacked	english	bert-base-cased	1	adatrans	12	128	sin	0.6	0.4	max	2e-05	0.756	0.756	0.756	0.676	0.676	0.676	0.614	0.614	0.614	0.468	0.468	0.468
newseye	stacked	swedish	bert-base-multilingual-cased	3	adatrans	12	128	sin	0.4	0.4	avg	2e-05	0.593	0.593	0.593	0.468	0.468	0.468	0.0	0.0	0.0	0.0	0.0	0.0
hipe2020	stacked	french	bert-base-multilingual-cased	2	adatrans	12	128	sin	0.4	0.4	last	2e-05	0.798	0.798	0.798	0.669	0.669	0.669	0.624	0.624	0.624	0.512	0.512	0.512
ajmc	stacked	german	bert-base-multilingual-cased	3	adatrans	12	128	sin	0.8	0.8	max	2e-05	0.0	0.0	0.0	0.0	0.0	0.0	0.0	0.0	0.0	0.0	0.0	0.0
letemps	bert	multilingual	bert-base-multilingual-cased	-	-	-	-	-	-	-	-	2e-05	0.579	0.579	0.579	0.537	0.537	0.537	0.508	0.508	0.508	0.454	0.454	0.454
ajmc	stacked	english	bert-base-multilingual-cased	3	adatrans	12	128	sin	0.8	0.8	max	2e-05	0.0	0.0	0.0	0.0	0.0	0.0	0.0	0.0	0.0	0.0	0.0	0.0
newseye	stacked	finnish	bert-base-finnish-cased-v1	1	adatrans	12	128	sin	0.4	0.6	last	2e-05	0.584	0.584	0.584	0.201	0.201	0.201	0.0	0.0	0.0	0.0	0.0	0.0
ajmc	stacked	german	bert-base-german-cased	1	adatrans	12	128	sin	0.4	0.8	max	2e-05	0.803	0.803	0.803	0.729	0.729	0.729	0.76	0.76	0.76	0.684	0.684	0.684
ajmc	stacked	english	bert-base-cased	1	adatrans	12	128	sin	0.6	0.4	first	2e-05	0.751	0.751	0.751	0.676	0.676	0.676	0.622	0.622	0.622	0.509	0.509	0.509
newseye	stacked	finnish	bert-base-multilingual-cased	3	adatrans	12	128	sin	0.4	0.6	avg	2e-05	0.526	0.526	0.526	0.268	0.268	0.268	0.0	0.0	0.0	0.0	0.0	0.0
ajmc	stacked	german	bert-base-german-cased	1	adatrans	12	128	sin	0.4	0.8	first	2e-05	0.824	0.824	0.824	0.743	0.743	0.743	0.762	0.762	0.762	0.679	0.679	0.679
newseye	bert	german	bert-base-german-europeana-uncased	-	-	-	-	-	-	-	-	2e-05	0.341	0.341	0.341	0.283	0.283	0.283	0.0	0.0	0.0	0.0	0.0	0.0
ajmc	stacked	english	bert-base-cased	1	adatrans	12	128	sin	0.6	0.4	last	2e-05	0.701	0.701	0.701	0.643	0.643	0.643	0.568	0.568	0.568	0.462	0.462	0.462
newseye	stacked	finnish	bert-base-finnish-cased-v1	1	adatrans	12	128	sin	0.4	0.8	avg	2e-05	0.686	0.686	0.686	0.483	0.483	0.483	0.0	0.0	0.0	0.0	0.0	0.0
ajmc	stacked	german	bert-base-german-cased	1	adatrans	12	128	sin	0.4	0.8	last	2e-05	0.801	0.801	0.801	0.718	0.718	0.718	0.725	0.725	0.725	0.633	0.633	0.633
letemps	bert	multilingual	bert-base-multilingual-uncased	-	-	-	-	-	-	-	-	2e-05	0.598	0.598	0.598	0.555	0.555	0.555	0.547	0.547	0.547	0.499	0.499	0.499
ajmc	stacked	english	bert-base-cased	1	adatrans	12	128	sin	0.6	0.6	avg	2e-05	0.758	0.758	0.758	0.686	0.686	0.686	0.597	0.597	0.597	0.481	0.481	0.481
newseye	stacked	swedish	bert-base-multilingual-cased	3	adatrans	12	128	sin	0.6	0.8	max	2e-05	0.538	0.538	0.538	0.124	0.124	0.124	0.0	0.0	0.0	0.0	0.0	0.0
newseye	stacked	finnish	bert-base-multilingual-cased	3	adatrans	12	128	sin	0.4	0.6	max	2e-05	0.609	0.609	0.609	0.321	0.321	0.321	0.0	0.0	0.0	0.0	0.0	0.0
hipe2020	stacked	french	bert-base-multilingual-cased	2	adatrans	12	128	sin	0.4	0.6	avg	2e-05	0.8	0.8	0.8	0.671	0.671	0.671	0.626	0.626	0.626	0.502	0.502	0.502
newseye	stacked	finnish	bert-base-finnish-cased-v1	1	adatrans	12	128	sin	0.4	0.8	max	2e-05	0.692	0.692	0.692	0.498	0.498	0.498	0.0	0.0	0.0	0.0	0.0	0.0
ajmc	stacked	german	bert-base-german-cased	1	adatrans	12	128	sin	0.6	0.4	avg	2e-05	0.81	0.81	0.81	0.757	0.757	0.757	0.772	0.772	0.772	0.695	0.695	0.695
ajmc	stacked	english	bert-base-cased	1	adatrans	12	128	sin	0.6	0.8	avg	2e-05	0.723	0.723	0.723	0.617	0.617	0.617	0.573	0.573	0.573	0.443	0.443	0.443
letemps	bert	multilingual	bert-base-historic-multilingual-cased	-	-	-	-	-	-	-	-	2e-05	0.6	0.6	0.6	0.561	0.561	0.561	0.53	0.53	0.53	0.476	0.476	0.476
ajmc	stacked	german	bert-base-german-cased	1	adatrans	12	128	sin	0.6	0.4	max	2e-05	0.817	0.817	0.817	0.773	0.773	0.773	0.749	0.749	0.749	0.688	0.688	0.688
newseye	stacked	finnish	bert-base-finnish-cased-v1	1	adatrans	12	128	sin	0.4	0.8	first	2e-05	0.652	0.652	0.652	0.458	0.458	0.458	0.0	0.0	0.0	0.0	0.0	0.0
newseye	stacked	swedish	bert-base-multilingual-cased	3	adatrans	12	128	sin	0.6	0.8	first	2e-05	0.497	0.497	0.497	0.116	0.116	0.116	0.0	0.0	0.0	0.0	0.0	0.0
ajmc	stacked	english	bert-base-cased	1	adatrans	12	128	sin	0.6	0.8	first	2e-05	0.735	0.735	0.735	0.625	0.625	0.625	0.568	0.568	0.568	0.439	0.439	0.439
newseye	stacked	finnish	bert-base-multilingual-cased	3	adatrans	12	128	sin	0.4	0.6	first	2e-05	0.522	0.522	0.522	0.252	0.252	0.252	1.0	1.0	1.0	0.0	0.0	0.0
ajmc	stacked	german	bert-base-german-cased	1	adatrans	12	128	sin	0.6	0.4	first	2e-05	0.842	0.842	0.842	0.783	0.783	0.783	0.771	0.771	0.771	0.695	0.695	0.695
newseye	stacked	finnish	bert-base-finnish-cased-v1	1	adatrans	12	128	sin	0.4	0.8	last	2e-05	0.653	0.653	0.653	0.451	0.451	0.451	1.0	1.0	1.0	0.0	0.0	0.0
letemps	bert	multilingual	bert-medium-historic-multilingual-cased	-	-	-	-	-	-	-	-	2e-05	0.582	0.582	0.582	0.542	0.542	0.542	0.488	0.488	0.488	0.443	0.443	0.443
ajmc	stacked	german	bert-base-german-cased	1	adatrans	12	128	sin	0.6	0.4	last	2e-05	0.819	0.819	0.819	0.766	0.766	0.766	0.741	0.741	0.741	0.674	0.674	0.674
newseye	stacked	swedish	bert-base-multilingual-cased	3	adatrans	12	128	sin	0.6	0.8	last	2e-05	0.0	0.0	0.0	0.0	0.0	0.0	0.0	0.0	0.0	0.0	0.0	0.0
hipe2020	stacked	french	bert-base-multilingual-cased	2	adatrans	12	128	sin	0.4	0.6	max	2e-05	0.802	0.802	0.802	0.664	0.664	0.664	0.616	0.616	0.616	0.493	0.493	0.493
newseye	stacked	finnish	bert-base-multilingual-cased	3	adatrans	12	128	sin	0.4	0.6	last	2e-05	0.639	0.639	0.639	0.315	0.315	0.315	0.0	0.0	0.0	0.0	0.0	0.0
newseye	stacked	finnish	bert-base-finnish-cased-v1	1	adatrans	12	128	sin	0.6	0.4	avg	2e-05	0.688	0.688	0.688	0.504	0.504	0.504	0.667	0.667	0.667	0.0	0.0	0.0
letemps	bert	multilingual	bert-mini-historic-multilingual-cased	-	-	-	-	-	-	-	-	2e-05	0.552	0.552	0.552	0.502	0.502	0.502	0.362	0.362	0.362	0.306	0.306	0.306
ajmc	stacked	german	bert-base-german-cased	1	adatrans	12	128	sin	0.6	0.6	avg	2e-05	0.826	0.826	0.826	0.75	0.75	0.75	0.737	0.737	0.737	0.66	0.66	0.66
newseye	stacked	swedish	bert-base-multilingual-cased	3	adatrans	12	128	sin	0.8	0.4	avg	2e-05	0.0	0.0	0.0	0.0	0.0	0.0	0.0	0.0	0.0	0.0	0.0	0.0
hipe2020	stacked	french	bert-base-french-europeana-cased	1	adatrans	12	128	sin	0.4	0.4	avg	2e-05	0.827	0.827	0.827	0.722	0.722	0.722	0.667	0.667	0.667	0.569	0.569	0.569
ajmc	stacked	german	bert-base-german-cased	1	adatrans	12	128	sin	0.6	0.6	max	2e-05	0.825	0.825	0.825	0.757	0.757	0.757	0.755	0.755	0.755	0.664	0.664	0.664
newseye	stacked	finnish	bert-base-multilingual-cased	3	adatrans	12	128	sin	0.4	0.8	avg	2e-05	0.836	0.836	0.836	0.209	0.209	0.209	0.0	0.0	0.0	0.0	0.0	0.0
newseye	stacked	finnish	bert-base-finnish-cased-v1	1	adatrans	12	128	sin	0.6	0.4	max	2e-05	0.699	0.699	0.699	0.515	0.515	0.515	1.0	1.0	1.0	0.0	0.0	0.0
letemps	bert	french	bert-base-french-europeana-cased	-	-	-	-	-	-	-	-	2e-05	0.611	0.611	0.611	0.566	0.566	0.566	0.513	0.513	0.513	0.475	0.475	0.475
ajmc	stacked	german	bert-base-german-cased	1	adatrans	12	128	sin	0.6	0.6	first	2e-05	0.823	0.823	0.823	0.738	0.738	0.738	0.736	0.736	0.736	0.656	0.656	0.656
hipe2020	stacked	french	bert-base-multilingual-cased	2	adatrans	12	128	sin	0.4	0.6	first	2e-05	0.806	0.806	0.806	0.673	0.673	0.673	0.611	0.611	0.611	0.484	0.484	0.484
newseye	bert	multilingual	bert-base-multilingual-cased	-	-	-	-	-	-	-	-	2e-05	0.611	0.611	0.611	0.392	0.392	0.392	0.0	0.0	0.0	0.0	0.0	0.0
newseye	bert	multilingual	bert-base-multilingual-uncased	-	-	-	-	-	-	-	-	2e-05	0.586	0.586	0.586	0.441	0.441	0.441	0.0	0.0	0.0	0.0	0.0	0.0
newseye	bert	multilingual	bert-base-historic-multilingual-cased	-	-	-	-	-	-	-	-	2e-05	0.51	0.51	0.51	0.378	0.378	0.378	0.0	0.0	0.0	0.0	0.0	0.0
newseye	bert	multilingual	bert-medium-historic-multilingual-cased	-	-	-	-	-	-	-	-	2e-05	0.396	0.396	0.396	0.199	0.199	0.199	0.0	0.0	0.0	0.0	0.0	0.0
newseye	bert	multilingual	bert-mini-historic-multilingual-cased	-	-	-	-	-	-	-	-	2e-05	0.0	0.0	0.0	0.0	0.0	0.0	0.0	0.0	0.0	0.0	0.0	0.0
newseye	stacked	finnish	bert-base-finnish-cased-v1	1	adatrans	12	128	sin	0.6	0.4	first	2e-05	0.681	0.681	0.681	0.487	0.487	0.487	0.667	0.667	0.667	0.0	0.0	0.0
newseye	stacked	swedish	bert-base-multilingual-cased	3	adatrans	12	128	sin	0.8	0.4	max	2e-05	0.0	0.0	0.0	0.0	0.0	0.0	0.0	0.0	0.0	0.0	0.0	0.0
ajmc	stacked	german	bert-base-german-cased	1	adatrans	12	128	sin	0.6	0.6	last	2e-05	0.8	0.8	0.8	0.719	0.719	0.719	0.722	0.722	0.722	0.652	0.652	0.652
hipe2020	stacked	french	bert-base-french-europeana-cased	1	adatrans	12	128	sin	0.4	0.4	max	2e-05	0.846	0.846	0.846	0.737	0.737	0.737	0.672	0.672	0.672	0.564	0.564	0.564
hipe2020	bert	multilingual	bert-base-multilingual-cased	-	-	-	-	-	-	-	-	2e-05	0.47	0.47	0.47	0.386	0.386	0.386	0.642	0.642	0.642	0.508	0.508	0.508
hipe2020	bert	multilingual	bert-base-multilingual-uncased	-	-	-	-	-	-	-	-	2e-05	0.811	0.811	0.811	0.686	0.686	0.686	0.644	0.644	0.644	0.516	0.516	0.516
hipe2020	bert	multilingual	bert-base-historic-multilingual-cased	-	-	-	-	-	-	-	-	2e-05	0.357	0.357	0.357	0.302	0.302	0.302	0.589	0.589	0.589	0.464	0.464	0.464
hipe2020	bert	multilingual	bert-medium-historic-multilingual-cased	-	-	-	-	-	-	-	-	2e-05	0.787	0.787	0.787	0.66	0.66	0.66	0.571	0.571	0.571	0.451	0.451	0.451
hipe2020	bert	multilingual	bert-mini-historic-multilingual-cased	-	-	-	-	-	-	-	-	2e-05	0.255	0.255	0.255	0.189	0.189	0.189	0.461	0.461	0.461	0.315	0.315	0.315
hipe2020	bert	french	bert-base-french-europeana-cased	-	-	-	-	-	-	-	-	2e-05	0.416	0.416	0.416	0.354	0.354	0.354	0.643	0.643	0.643	0.532	0.532	0.532
ajmc	bert	multilingual	bert-base-multilingual-cased	-	-	-	-	-	-	-	-	2e-05	0.725	0.725	0.725	0.655	0.655	0.655	0.544	0.544	0.544	0.429	0.429	0.429
ajmc	bert	multilingual	bert-base-multilingual-uncased	-	-	-	-	-	-	-	-	2e-05	0.824	0.824	0.824	0.771	0.771	0.771	0.606	0.606	0.606	0.508	0.508	0.508
ajmc	bert	multilingual	bert-base-historic-multilingual-cased	-	-	-	-	-	-	-	-	2e-05	0.706	0.706	0.706	0.608	0.608	0.608	0.54	0.54	0.54	0.415	0.415	0.415
ajmc	bert	multilingual	bert-medium-historic-multilingual-cased	-	-	-	-	-	-	-	-	2e-05	0.752	0.752	0.752	0.678	0.678	0.678	0.602	0.602	0.602	0.463	0.463	0.463
ajmc	bert	multilingual	bert-mini-historic-multilingual-cased	-	-	-	-	-	-	-	-	2e-05	0.432	0.432	0.432	0.338	0.338	0.338	0.382	0.382	0.382	0.221	0.221	0.221
ajmc	bert	french	camembert-base	-	-	-	-	-	-	-	-	2e-05	0.0	0.0	0.0	0.0	0.0	0.0	0.0	0.0	0.0	0.0	0.0	0.0
ajmc	bert	french	bert-base-french-europeana-cased	-	-	-	-	-	-	-	-	2e-05	0.651	0.651	0.651	0.568	0.568	0.568	0.489	0.489	0.489	0.381	0.381	0.381
letemps	bert	multilingual	bert-base-multilingual-cased	-	-	-	-	-	-	-	-	2e-05	0.579	0.579	0.579	0.537	0.537	0.537	0.508	0.508	0.508	0.454	0.454	0.454
letemps	bert	multilingual	bert-base-multilingual-uncased	-	-	-	-	-	-	-	-	2e-05	0.598	0.598	0.598	0.555	0.555	0.555	0.547	0.547	0.547	0.499	0.499	0.499
letemps	bert	multilingual	bert-base-historic-multilingual-cased	-	-	-	-	-	-	-	-	2e-05	0.6	0.6	0.6	0.561	0.561	0.561	0.53	0.53	0.53	0.476	0.476	0.476
ajmc	stacked	german	bert-base-german-cased	1	adatrans	12	128	sin	0.6	0.8	max	2e-05	0.794	0.794	0.794	0.717	0.717	0.717	0.692	0.692	0.692	0.605	0.605	0.605
letemps	bert	multilingual	bert-medium-historic-multilingual-cased	-	-	-	-	-	-	-	-	2e-05	0.582	0.582	0.582	0.542	0.542	0.542	0.488	0.488	0.488	0.443	0.443	0.443
letemps	bert	multilingual	bert-mini-historic-multilingual-cased	-	-	-	-	-	-	-	-	2e-05	0.552	0.552	0.552	0.502	0.502	0.502	0.362	0.362	0.362	0.306	0.306	0.306
ajmc	stacked	english	bert-base-cased	3	adatrans	12	128	sin	0.8	0.4	avg	2e-05	0.0	0.0	0.0	0.0	0.0	0.0	0.0	0.0	0.0	0.0	0.0	0.0
letemps	bert	french	bert-base-french-europeana-cased	-	-	-	-	-	-	-	-	2e-05	0.611	0.611	0.611	0.566	0.566	0.566	0.513	0.513	0.513	0.475	0.475	0.475
newseye	bert	multilingual	bert-base-multilingual-cased	-	-	-	-	-	-	-	-	2e-05	0.611	0.611	0.611	0.392	0.392	0.392	0.0	0.0	0.0	0.0	0.0	0.0
newseye	bert	multilingual	bert-base-multilingual-uncased	-	-	-	-	-	-	-	-	2e-05	0.586	0.586	0.586	0.441	0.441	0.441	0.0	0.0	0.0	0.0	0.0	0.0
newseye	stacked	finnish	bert-base-finnish-cased-v1	1	adatrans	12	128	sin	0.6	0.6	avg	2e-05	0.691	0.691	0.691	0.492	0.492	0.492	1.0	1.0	1.0	0.0	0.0	0.0
