ajmc	bert	multilingual	bert-base-multilingual-cased	-	-	-	-	-	-	-	-	2e-05	0.725	0.725	0.725	0.655	0.655	0.655	0.544	0.544	0.544	0.429	0.429	0.429
ajmc	bert	multilingual	bert-base-multilingual-uncased	-	-	-	-	-	-	-	-	2e-05	0.824	0.824	0.824	0.771	0.771	0.771	0.606	0.606	0.606	0.508	0.508	0.508
newseye	bert	multilingual	bert-base-multilingual-cased	-	-	-	-	-	-	-	-	2e-05	0.611	0.611	0.611	0.392	0.392	0.392	0.0	0.0	0.0	0.0	0.0	0.0
newseye	bert	multilingual	bert-base-multilingual-cased	-	-	-	-	-	-	-	-	2e-05	0.611	0.611	0.611	0.392	0.392	0.392	0.0	0.0	0.0	0.0	0.0	0.0
ajmc	bert	multilingual	bert-base-historic-multilingual-cased	-	-	-	-	-	-	-	-	2e-05	0.706	0.706	0.706	0.608	0.608	0.608	0.54	0.54	0.54	0.415	0.415	0.415
ajmc	bert	multilingual	bert-medium-historic-multilingual-cased	-	-	-	-	-	-	-	-	2e-05	0.752	0.752	0.752	0.678	0.678	0.678	0.602	0.602	0.602	0.463	0.463	0.463
ajmc	bert	multilingual	bert-medium-historic-multilingual-cased	-	-	-	-	-	-	-	-	2e-05	0.752	0.752	0.752	0.678	0.678	0.678	0.602	0.602	0.602	0.463	0.463	0.463
ajmc	bert	multilingual	bert-mini-historic-multilingual-cased	-	-	-	-	-	-	-	-	2e-05	0.432	0.432	0.432	0.338	0.338	0.338	0.382	0.382	0.382	0.221	0.221	0.221
hipe2020	bert	multilingual	bert-base-multilingual-cased	-	-	-	-	-	-	-	-	2e-05	0.47	0.47	0.47	0.386	0.386	0.386	0.642	0.642	0.642	0.508	0.508	0.508
newseye	bert	multilingual	bert-base-multilingual-uncased	-	-	-	-	-	-	-	-	2e-05	0.592	0.592	0.592	0.355	0.355	0.355	0.0	0.0	0.0	0.0	0.0	0.0
newseye	bert	multilingual	bert-base-historic-multilingual-cased	-	-	-	-	-	-	-	-	2e-05	0.51	0.51	0.51	0.378	0.378	0.378	0.0	0.0	0.0	0.0	0.0	0.0
newseye	bert	multilingual	bert-base-historic-multilingual-cased	-	-	-	-	-	-	-	-	2e-05	0.51	0.51	0.51	0.378	0.378	0.378	0.0	0.0	0.0	0.0	0.0	0.0
ajmc	bert	german	bert-base-german-cased	-	-	-	-	-	-	-	-	2e-05	0.816	0.816	0.816	0.77	0.77	0.77	0.687	0.687	0.687	0.614	0.614	0.614
ajmc	bert	english	bert-base-cased	-	-	-	-	-	-	-	-	2e-05	0.753	0.753	0.753	0.667	0.667	0.667	0.591	0.591	0.591	0.419	0.419	0.419
newseye	bert	multilingual	bert-medium-historic-multilingual-cased	-	-	-	-	-	-	-	-	2e-05	0.618	0.618	0.618	0.435	0.435	0.435	0.0	0.0	0.0	0.0	0.0	0.0
newseye	bert	multilingual	bert-medium-historic-multilingual-cased	-	-	-	-	-	-	-	-	2e-05	0.618	0.618	0.618	0.435	0.435	0.435	0.0	0.0	0.0	0.0	0.0	0.0
ajmc	bert	german	bert-base-german-europeana-cased	-	-	-	-	-	-	-	-	2e-05	0.747	0.747	0.747	0.677	0.677	0.677	0.624	0.624	0.624	0.544	0.544	0.544
ajmc	bert	english	bert-base-uncased	-	-	-	-	-	-	-	-	2e-05	0.713	0.713	0.713	0.611	0.611	0.611	0.516	0.516	0.516	0.371	0.371	0.371
newseye	bert	multilingual	bert-mini-historic-multilingual-cased	-	-	-	-	-	-	-	-	2e-05	0.0	0.0	0.0	0.0	0.0	0.0	0.0	0.0	0.0	0.0	0.0	0.0
newseye	bert	multilingual	bert-mini-historic-multilingual-cased	-	-	-	-	-	-	-	-	2e-05	0.0	0.0	0.0	0.0	0.0	0.0	0.0	0.0	0.0	0.0	0.0	0.0
ajmc	bert	german	bert-base-german-europeana-uncased	-	-	-	-	-	-	-	-	2e-05	0.729	0.729	0.729	0.671	0.671	0.671	0.616	0.616	0.616	0.524	0.524	0.524
newseye	bert	multilingual	bert-base-multilingual-cased	-	-	-	-	-	-	-	-	2e-05	0.611	0.611	0.611	0.392	0.392	0.392	0.0	0.0	0.0	0.0	0.0	0.0
newseye	bert	multilingual	bert-base-multilingual-uncased	-	-	-	-	-	-	-	-	2e-05	0.592	0.592	0.592	0.355	0.355	0.355	0.0	0.0	0.0	0.0	0.0	0.0
newseye	bert	multilingual	bert-base-historic-multilingual-cased	-	-	-	-	-	-	-	-	2e-05	0.51	0.51	0.51	0.378	0.378	0.378	0.0	0.0	0.0	0.0	0.0	0.0
newseye	bert	multilingual	bert-medium-historic-multilingual-cased	-	-	-	-	-	-	-	-	2e-05	0.618	0.618	0.618	0.435	0.435	0.435	0.0	0.0	0.0	0.0	0.0	0.0
newseye	bert	multilingual	bert-mini-historic-multilingual-cased	-	-	-	-	-	-	-	-	2e-05	0.0	0.0	0.0	0.0	0.0	0.0	0.0	0.0	0.0	0.0	0.0	0.0
newseye	bert	finnish	bert-base-finnish-cased-v1	-	-	-	-	-	-	-	-	2e-05	0.572	0.572	0.572	0.4	0.4	0.4	0.0	0.0	0.0	0.0	0.0	0.0
newseye	bert	swedish	bert-base-swedish-cased	-	-	-	-	-	-	-	-	2e-05	0.739	0.739	0.739	0.604	0.604	0.604	0.0	0.0	0.0	0.0	0.0	0.0
hipe2020	bert	multilingual	bert-base-multilingual-uncased	-	-	-	-	-	-	-	-	2e-05	0.811	0.811	0.811	0.686	0.686	0.686	0.644	0.644	0.644	0.516	0.516	0.516
newseye	bert	finnish	bert-base-finnish-uncased-v1	-	-	-	-	-	-	-	-	2e-05	0.587	0.587	0.587	0.399	0.399	0.399	0.0	0.0	0.0	0.0	0.0	0.0
hipe2020	bert	multilingual	bert-base-historic-multilingual-cased	-	-	-	-	-	-	-	-	2e-05	0.357	0.357	0.357	0.302	0.302	0.302	0.589	0.589	0.589	0.464	0.464	0.464
hipe2020	bert	multilingual	bert-medium-historic-multilingual-cased	-	-	-	-	-	-	-	-	2e-05	0.787	0.787	0.787	0.66	0.66	0.66	0.571	0.571	0.571	0.451	0.451	0.451
newseye	bert	german	bert-base-german-cased	-	-	-	-	-	-	-	-	2e-05	0.493	0.493	0.493	0.416	0.416	0.416	0.0	0.0	0.0	0.0	0.0	0.0
hipe2020	bert	multilingual	bert-mini-historic-multilingual-cased	-	-	-	-	-	-	-	-	2e-05	0.255	0.255	0.255	0.189	0.189	0.189	0.461	0.461	0.461	0.315	0.315	0.315
hipe2020	bert	french	bert-base-french-europeana-cased	-	-	-	-	-	-	-	-	2e-05	0.416	0.416	0.416	0.354	0.354	0.354	0.643	0.643	0.643	0.532	0.532	0.532
ajmc	bert	multilingual	bert-base-multilingual-cased	-	-	-	-	-	-	-	-	2e-05	0.725	0.725	0.725	0.655	0.655	0.655	0.544	0.544	0.544	0.429	0.429	0.429
ajmc	bert	multilingual	bert-base-multilingual-uncased	-	-	-	-	-	-	-	-	2e-05	0.824	0.824	0.824	0.771	0.771	0.771	0.606	0.606	0.606	0.508	0.508	0.508
ajmc	bert	multilingual	bert-base-historic-multilingual-cased	-	-	-	-	-	-	-	-	2e-05	0.706	0.706	0.706	0.608	0.608	0.608	0.54	0.54	0.54	0.415	0.415	0.415
ajmc	bert	multilingual	bert-medium-historic-multilingual-cased	-	-	-	-	-	-	-	-	2e-05	0.752	0.752	0.752	0.678	0.678	0.678	0.602	0.602	0.602	0.463	0.463	0.463
ajmc	bert	multilingual	bert-mini-historic-multilingual-cased	-	-	-	-	-	-	-	-	2e-05	0.432	0.432	0.432	0.338	0.338	0.338	0.382	0.382	0.382	0.221	0.221	0.221
ajmc	bert	french	camembert-base	-	-	-	-	-	-	-	-	2e-05	0.0	0.0	0.0	0.0	0.0	0.0	0.0	0.0	0.0	0.0	0.0	0.0
ajmc	bert	french	bert-base-french-europeana-cased	-	-	-	-	-	-	-	-	2e-05	0.651	0.651	0.651	0.568	0.568	0.568	0.489	0.489	0.489	0.381	0.381	0.381
newseye	bert	german	bert-base-german-europeana-cased	-	-	-	-	-	-	-	-	2e-05	0.348	0.348	0.348	0.284	0.284	0.284	0.0	0.0	0.0	0.0	0.0	0.0
letemps	bert	multilingual	bert-base-multilingual-cased	-	-	-	-	-	-	-	-	2e-05	0.579	0.579	0.579	0.537	0.537	0.537	0.508	0.508	0.508	0.454	0.454	0.454
letemps	bert	multilingual	bert-base-multilingual-uncased	-	-	-	-	-	-	-	-	2e-05	0.598	0.598	0.598	0.555	0.555	0.555	0.547	0.547	0.547	0.499	0.499	0.499
newseye	bert	german	bert-base-german-europeana-uncased	-	-	-	-	-	-	-	-	2e-05	0.341	0.341	0.341	0.283	0.283	0.283	0.0	0.0	0.0	0.0	0.0	0.0
letemps	bert	multilingual	bert-base-historic-multilingual-cased	-	-	-	-	-	-	-	-	2e-05	0.6	0.6	0.6	0.561	0.561	0.561	0.53	0.53	0.53	0.476	0.476	0.476
letemps	bert	multilingual	bert-medium-historic-multilingual-cased	-	-	-	-	-	-	-	-	2e-05	0.582	0.582	0.582	0.542	0.542	0.542	0.488	0.488	0.488	0.443	0.443	0.443
letemps	bert	multilingual	bert-mini-historic-multilingual-cased	-	-	-	-	-	-	-	-	2e-05	0.552	0.552	0.552	0.502	0.502	0.502	0.362	0.362	0.362	0.306	0.306	0.306
letemps	bert	french	bert-base-french-europeana-cased	-	-	-	-	-	-	-	-	2e-05	0.611	0.611	0.611	0.566	0.566	0.566	0.513	0.513	0.513	0.475	0.475	0.475
newseye	bert	multilingual	bert-base-multilingual-cased	-	-	-	-	-	-	-	-	2e-05	0.611	0.611	0.611	0.392	0.392	0.392	0.0	0.0	0.0	0.0	0.0	0.0
newseye	bert	multilingual	bert-base-multilingual-uncased	-	-	-	-	-	-	-	-	2e-05	0.592	0.592	0.592	0.355	0.355	0.355	0.0	0.0	0.0	0.0	0.0	0.0
newseye	bert	multilingual	bert-base-historic-multilingual-cased	-	-	-	-	-	-	-	-	2e-05	0.51	0.51	0.51	0.378	0.378	0.378	0.0	0.0	0.0	0.0	0.0	0.0
newseye	bert	multilingual	bert-medium-historic-multilingual-cased	-	-	-	-	-	-	-	-	2e-05	0.618	0.618	0.618	0.435	0.435	0.435	0.0	0.0	0.0	0.0	0.0	0.0
newseye	bert	multilingual	bert-mini-historic-multilingual-cased	-	-	-	-	-	-	-	-	2e-05	0.0	0.0	0.0	0.0	0.0	0.0	0.0	0.0	0.0	0.0	0.0	0.0
newseye	bert	french	bert-base-french-europeana-cased	-	-	-	-	-	-	-	-	2e-05	0.819	0.819	0.819	0.703	0.703	0.703	0.448	0.448	0.448	0.207	0.207	0.207
hipe2020	stacked	german	bert-base-multilingual-cased	1	adatrans	12	128	sin	0.4	0.4	avg	2e-05	0.838	0.838	0.838	0.797	0.797	0.797	0.779	0.779	0.779	0.716	0.716	0.716
hipe2020	stacked	english	bert-base-multilingual-cased	1	adatrans	12	128	sin	0.4	0.4	avg	2e-05	0.771	0.771	0.771	0.701	0.701	0.701	0.671	0.671	0.671	0.585	0.585	0.585
hipe2020	stacked	finnish	bert-base-multilingual-cased	1	adatrans	12	128	sin	0.4	0.4	avg	2e-05	0.655	0.655	0.655	0.467	0.467	0.467	0.0	0.0	0.0	0.0	0.0	0.0
hipe2020	stacked	swedish	bert-base-multilingual-cased	1	adatrans	12	128	sin	0.4	0.4	avg	2e-05	0.629	0.629	0.629	0.515	0.515	0.515	0.0	0.0	0.0	0.0	0.0	0.0
