checkpoint	accuracy	temporal_fusion_strategy	use_relative_year	max_sequence_len	model_name_or_path
experiments/model_dbmdz_bert_base_historic_multilingual_cased_max_sequence_length_512_epochs_3_run_time-swiglu.early-cross-attention.False	0.0006839945280437756	early-cross-attention	False	512	dbmdz/bert-base-historic-multilingual-cased
experiments/model_dbmdz_bert_base_historic_multilingual_cased_max_sequence_length_512_epochs_3_run_time-swiglu.late-cross-attention.False	0.8426812585499316	late-cross-attention	False	512	dbmdz/bert-base-historic-multilingual-cased
experiments/model_dbmdz_bert_base_historic_multilingual_cased_max_sequence_length_512_epochs_3_run_time-swiglu.baseline.False	0.0006839945280437756	baseline	False	512	dbmdz/bert-base-historic-multilingual-cased
experiments/model_dbmdz_bert_base_historic_multilingual_cased_max_sequence_length_512_epochs_3_run_time-swiglu.late-cross-attention.True	1.0	late-cross-attention	True	512	dbmdz/bert-base-historic-multilingual-cased
experiments/model_dbmdz_bert_base_historic_multilingual_cased_max_sequence_length_512_epochs_3_run_time-swiglu.early-cross-attention.True	0.025991792065663474	early-cross-attention	True	512	dbmdz/bert-base-historic-multilingual-cased
experiments/model_dbmdz_bert_base_historic_multilingual_cased_max_sequence_length_512_epochs_3_run_time-swiglu.relative.False	0.9404924760601915	relative	False	512	dbmdz/bert-base-historic-multilingual-cased
experiments/model_dbmdz_bert_base_historic_multilingual_cased_max_sequence_length_512_epochs_1_run_time-swiglu.adapter.False	0.9172366621067032	adapter	False	512	dbmdz/bert-base-historic-multilingual-cased
experiments/model_dbmdz_bert_base_historic_multilingual_cased_max_sequence_length_512_epochs_3_run_time-swiglu.baseline.True	0.0027359781121751026	baseline	True	512	dbmdz/bert-base-historic-multilingual-cased
experiments/model_dbmdz_bert_base_historic_multilingual_cased_max_sequence_length_512_epochs_3_run_time-swiglu.concat.True	1.0	concat	True	512	dbmdz/bert-base-historic-multilingual-cased
experiments/model_dbmdz_bert_base_historic_multilingual_cased_max_sequence_length_512_epochs_3_run_time-swiglu.film.True	1.0	film	True	512	dbmdz/bert-base-historic-multilingual-cased
experiments/model_dbmdz_bert_base_historic_multilingual_cased_max_sequence_length_512_epochs_3_run_time-swiglu.adapter.True	1.0	adapter	True	512	dbmdz/bert-base-historic-multilingual-cased
experiments/model_dbmdz_bert_base_historic_multilingual_cased_max_sequence_length_512_epochs_3_run_time-swiglu.relative.True	1.0	relative	True	512	dbmdz/bert-base-historic-multilingual-cased
experiments/model_bert_base_multilingual_cased_max_sequence_length_512_epochs_3_run_time-swiglu.early-cross-attention.True	0.014363885088919288	early-cross-attention	True	512	bert-base-multilingual-cased
experiments/model_bert_base_multilingual_cased_max_sequence_length_512_epochs_3_run_time-swiglu.late-cross-attention.True	1.0	late-cross-attention	True	512	bert-base-multilingual-cased
experiments/model_bert_base_multilingual_cased_max_sequence_length_512_epochs_3_run_time-swiglu.baseline.True	0.002051983584131327	baseline	True	512	bert-base-multilingual-cased
experiments/model_dbmdz_bert_base_historic_multilingual_cased_max_sequence_length_512_epochs_3_run_time-swiglu.concat.False	0.9363885088919288	concat	False	512	dbmdz/bert-base-historic-multilingual-cased
experiments/model_bert_base_multilingual_cased_max_sequence_length_512_epochs_3_run_time-swiglu.concat.True	1.0	concat	True	512	bert-base-multilingual-cased
experiments/model_dbmdz_bert_base_historic_multilingual_cased_max_sequence_length_512_epochs_3_run_time-swiglu.film.False	0.9350205198358413	film	False	512	dbmdz/bert-base-historic-multilingual-cased
experiments/model_bert_base_multilingual_cased_max_sequence_length_512_epochs_3_run_time-swiglu.film.True	1.0	film	True	512	bert-base-multilingual-cased
experiments/model_dbmdz_bert_base_historic_multilingual_cased_max_sequence_length_512_epochs_3_run_time-swiglu.adapter.False	0.8987688098495212	adapter	False	512	dbmdz/bert-base-historic-multilingual-cased
experiments/model_bert_base_multilingual_cased_max_sequence_length_512_epochs_3_run_time-swiglu.adapter.True	1.0	adapter	True	512	bert-base-multilingual-cased
experiments/model_bert_base_multilingual_cased_max_sequence_length_512_epochs_3_run_time-swiglu.relative.True	1.0	relative	True	512	bert-base-multilingual-cased
experiments/model_bert_base_multilingual_cased_max_sequence_length_512_epochs_3_run_time-swiglu.early-cross-attention.False	0.0006839945280437756	early-cross-attention	False	512	bert-base-multilingual-cased
experiments/model_bert_base_multilingual_cased_max_sequence_length_512_epochs_3_run_time-swiglu.late-cross-attention.False	0.8098495212038304	late-cross-attention	False	512	bert-base-multilingual-cased
experiments/model_bert_base_multilingual_cased_max_sequence_length_512_epochs_3_run_time-swiglu.baseline.False	0.0	baseline	False	512	bert-base-multilingual-cased
experiments/model_bert_base_multilingual_cased_max_sequence_length_512_epochs_3_run_time-swiglu.concat.False	0.93296853625171	concat	False	512	bert-base-multilingual-cased
experiments/model_bert_base_multilingual_cased_max_sequence_length_512_epochs_3_run_time-swiglu.film.False	0.9466484268125855	film	False	512	bert-base-multilingual-cased
experiments/model_bert_base_multilingual_cased_max_sequence_length_512_epochs_3_run_time-swiglu.adapter.False	0.8406292749658003	adapter	False	512	bert-base-multilingual-cased
experiments/model_bert_base_multilingual_cased_max_sequence_length_512_epochs_3_run_time-swiglu.relative.False	0.9445964432284542	relative	False	512	bert-base-multilingual-cased
