scope	time	entity_type	precision	recall	f1
year	1798	loc	0.375	0.3	0.3333
year	1798	org	0.0	0.0	0.0
year	1798	pers	0.2	0.1613	0.1786
year	1798	time	0.0	0.0	0.0
year	1798	micro avg	0.2353	0.1739	0.2
year	1808	loc	0.697	0.7188	0.7077
year	1808	pers	0.7714	0.7941	0.7826
year	1808	time	0.0	0.0	0.0
year	1808	micro avg	0.6944	0.7576	0.7246
year	1818	loc	0.7429	0.8387	0.7879
year	1818	pers	0.5263	0.5	0.5128
year	1818	prod	0.0	0.0	0.0
year	1818	micro avg	0.6667	0.6923	0.6792
year	1828	loc	0.5714	0.7869	0.6621
year	1828	org	0.0	0.0	0.0
year	1828	pers	0.5439	0.5167	0.5299
year	1828	prod	1.0	1.0	1.0
year	1828	time	0.2	0.3333	0.25
year	1828	micro avg	0.4911	0.6336	0.5533
year	1838	loc	1.0	1.0	1.0
year	1838	pers	1.0	1.0	1.0
year	1838	micro avg	1.0	1.0	1.0
year	1848	loc	0.8023	0.8625	0.8313
year	1848	org	0.6667	0.1429	0.2353
year	1848	pers	0.75	0.8	0.7742
year	1848	time	1.0	0.5	0.6667
year	1848	micro avg	0.7826	0.766	0.7742
year	1858	loc	0.6889	0.7045	0.6966
year	1858	org	0.0	0.0	0.0
year	1858	pers	0.6562	0.6562	0.6562
year	1858	prod	0.5714	0.5714	0.5714
year	1858	time	0.1111	0.125	0.1176
year	1858	micro avg	0.6064	0.6196	0.6129
year	1868	loc	0.8451	0.9375	0.8889
year	1868	org	0.6667	1.0	0.8
year	1868	pers	0.7143	0.8	0.7547
year	1868	prod	0.8333	0.2273	0.3571
year	1868	time	0.0	0.0	0.0
year	1868	micro avg	0.7982	0.7632	0.7803
year	1878	loc	0.9123	0.9286	0.9204
year	1878	org	1.0	0.5	0.6667
year	1878	pers	0.875	1.0	0.9333
year	1878	prod	1.0	1.0	1.0
year	1878	time	1.0	1.0	1.0
year	1878	micro avg	0.9143	0.9143	0.9143
year	1888	loc	0.9091	0.8333	0.8696
year	1888	org	0.0	0.0	0.0
year	1888	pers	0.9167	0.8148	0.8627
year	1888	prod	0.0	0.0	0.0
year	1888	micro avg	0.8205	0.8205	0.8205
year	1898	loc	0.9444	1.0	0.9714
year	1898	org	1.0	1.0	1.0
year	1898	pers	1.0	1.0	1.0
year	1898	micro avg	0.96	1.0	0.9796
year	1908	loc	0.8571	0.973	0.9114
year	1908	org	0.3333	0.3333	0.3333
year	1908	pers	0.6154	0.5714	0.5926
year	1908	prod	0.4	1.0	0.5714
year	1908	time	0.0	0.0	0.0
year	1908	micro avg	0.7344	0.8246	0.7769
year	1918	loc	0.8485	0.9032	0.875
year	1918	org	0.8889	0.64	0.7442
year	1918	pers	0.8333	0.8333	0.8333
year	1918	prod	0.25	0.2	0.2222
year	1918	time	0.75	0.75	0.75
year	1918	micro avg	0.8323	0.8217	0.8269
year	1928	loc	0.8861	0.8642	0.875
year	1928	org	0.6667	0.6	0.6316
year	1928	pers	0.8667	0.8387	0.8525
year	1928	prod	0.3077	0.5714	0.4
year	1928	time	1.0	1.0	1.0
year	1928	micro avg	0.8106	0.8231	0.8168
year	1938	loc	0.9298	0.9464	0.9381
year	1938	org	0.2	1.0	0.3333
year	1938	pers	0.7692	0.9091	0.8333
year	1938	prod	0.0	0.0	0.0
year	1938	time	0.8571	0.8571	0.8571
year	1938	micro avg	0.8434	0.8861	0.8642
year	1948	loc	0.8	0.6154	0.6957
year	1948	org	0.0833	0.3333	0.1333
year	1948	pers	0.8438	0.8182	0.8308
year	1948	time	0.6	0.6667	0.6316
year	1948	micro avg	0.6757	0.7042	0.6897
year	1958	loc	0.5	0.5	0.5
year	1958	org	0.25	0.4	0.3077
year	1958	pers	0.7273	0.7273	0.7273
year	1958	prod	0.0	0.0	0.0
year	1958	time	0.7143	0.7143	0.7143
year	1958	micro avg	0.5714	0.6154	0.5926
year	1968	loc	0.7727	0.85	0.8095
year	1968	org	0.6087	0.7	0.6512
year	1968	pers	0.8167	0.8448	0.8305
year	1968	prod	0.5	0.6	0.5455
year	1968	time	0.8333	1.0	0.9091
year	1968	micro avg	0.7521	0.8148	0.7822
year	1978	loc	1.0	0.8824	0.9375
year	1978	org	0.0	0.0	0.0
year	1978	pers	1.0	1.0	1.0
year	1978	micro avg	0.96	0.9231	0.9412
year	1988	loc	0.9333	0.9333	0.9333
year	1988	org	0.6	0.5455	0.5714
year	1988	pers	0.7917	0.8261	0.8085
year	1988	micro avg	0.7959	0.7959	0.7959
year	1998	loc	0.9167	1.0	0.9565
year	1998	org	0.0	0.0	0.0
year	1998	pers	1.0	1.0	1.0
year	1998	micro avg	0.9333	0.875	0.9032
year	2008	loc	1.0	1.0	1.0
year	2008	org	1.0	0.9444	0.9714
year	2008	pers	0.7333	0.6875	0.7097
year	2008	micro avg	0.9048	0.8636	0.8837
year	2018	loc	1.0	0.8889	0.9412
year	2018	org	0.0	0.0	0.0
year	2018	pers	0.0	0.0	0.0
year	2018	micro avg	1.0	0.6154	0.7619
decade	1790s	loc	0.375	0.3	0.3333
decade	1790s	org	0.0	0.0	0.0
decade	1790s	pers	0.2	0.1613	0.1786
decade	1790s	time	0.0	0.0	0.0
decade	1790s	micro avg	0.2353	0.1739	0.2
decade	1800s	loc	0.697	0.7188	0.7077
decade	1800s	pers	0.7714	0.7941	0.7826
decade	1800s	time	0.0	0.0	0.0
decade	1800s	micro avg	0.6944	0.7576	0.7246
decade	1810s	loc	0.7429	0.8387	0.7879
decade	1810s	pers	0.5263	0.5	0.5128
decade	1810s	prod	0.0	0.0	0.0
decade	1810s	micro avg	0.6667	0.6923	0.6792
decade	1820s	loc	0.5714	0.7869	0.6621
decade	1820s	org	0.0	0.0	0.0
decade	1820s	pers	0.5439	0.5167	0.5299
decade	1820s	prod	1.0	1.0	1.0
decade	1820s	time	0.2	0.3333	0.25
decade	1820s	micro avg	0.4911	0.6336	0.5533
decade	1830s	loc	1.0	1.0	1.0
decade	1830s	pers	1.0	1.0	1.0
decade	1830s	micro avg	1.0	1.0	1.0
decade	1840s	loc	0.8023	0.8625	0.8313
decade	1840s	org	0.6667	0.1429	0.2353
decade	1840s	pers	0.75	0.8	0.7742
decade	1840s	time	1.0	0.5	0.6667
decade	1840s	micro avg	0.7826	0.766	0.7742
decade	1850s	loc	0.6889	0.7045	0.6966
decade	1850s	org	0.0	0.0	0.0
decade	1850s	pers	0.6562	0.6562	0.6562
decade	1850s	prod	0.5714	0.5714	0.5714
decade	1850s	time	0.1111	0.125	0.1176
decade	1850s	micro avg	0.6064	0.6196	0.6129
decade	1860s	loc	0.8451	0.9375	0.8889
decade	1860s	org	0.6667	1.0	0.8
decade	1860s	pers	0.7143	0.8	0.7547
decade	1860s	prod	0.8333	0.2273	0.3571
decade	1860s	time	0.0	0.0	0.0
decade	1860s	micro avg	0.7982	0.7632	0.7803
decade	1870s	loc	0.9123	0.9286	0.9204
decade	1870s	org	1.0	0.5	0.6667
decade	1870s	pers	0.875	1.0	0.9333
decade	1870s	prod	1.0	1.0	1.0
decade	1870s	time	1.0	1.0	1.0
decade	1870s	micro avg	0.9143	0.9143	0.9143
decade	1880s	loc	0.9091	0.8333	0.8696
decade	1880s	org	0.0	0.0	0.0
decade	1880s	pers	0.9167	0.8148	0.8627
decade	1880s	prod	0.0	0.0	0.0
decade	1880s	micro avg	0.8205	0.8205	0.8205
decade	1890s	loc	0.9444	1.0	0.9714
decade	1890s	org	1.0	1.0	1.0
decade	1890s	pers	1.0	1.0	1.0
decade	1890s	micro avg	0.96	1.0	0.9796
decade	1900s	loc	0.8571	0.973	0.9114
decade	1900s	org	0.3333	0.3333	0.3333
decade	1900s	pers	0.6154	0.5714	0.5926
decade	1900s	prod	0.4	1.0	0.5714
decade	1900s	time	0.0	0.0	0.0
decade	1900s	micro avg	0.7344	0.8246	0.7769
decade	1910s	loc	0.8485	0.9032	0.875
decade	1910s	org	0.8889	0.64	0.7442
decade	1910s	pers	0.8333	0.8333	0.8333
decade	1910s	prod	0.25	0.2	0.2222
decade	1910s	time	0.75	0.75	0.75
decade	1910s	micro avg	0.8323	0.8217	0.8269
decade	1920s	loc	0.8861	0.8642	0.875
decade	1920s	org	0.6667	0.6	0.6316
decade	1920s	pers	0.8667	0.8387	0.8525
decade	1920s	prod	0.3077	0.5714	0.4
decade	1920s	time	1.0	1.0	1.0
decade	1920s	micro avg	0.8106	0.8231	0.8168
decade	1930s	loc	0.9298	0.9464	0.9381
decade	1930s	org	0.2	1.0	0.3333
decade	1930s	pers	0.7692	0.9091	0.8333
decade	1930s	prod	0.0	0.0	0.0
decade	1930s	time	0.8571	0.8571	0.8571
decade	1930s	micro avg	0.8434	0.8861	0.8642
decade	1940s	loc	0.8	0.6154	0.6957
decade	1940s	org	0.0833	0.3333	0.1333
decade	1940s	pers	0.8438	0.8182	0.8308
decade	1940s	time	0.6	0.6667	0.6316
decade	1940s	micro avg	0.6757	0.7042	0.6897
decade	1950s	loc	0.5	0.5	0.5
decade	1950s	org	0.25	0.4	0.3077
decade	1950s	pers	0.7273	0.7273	0.7273
decade	1950s	prod	0.0	0.0	0.0
decade	1950s	time	0.7143	0.7143	0.7143
decade	1950s	micro avg	0.5714	0.6154	0.5926
decade	1960s	loc	0.7727	0.85	0.8095
decade	1960s	org	0.6087	0.7	0.6512
decade	1960s	pers	0.8167	0.8448	0.8305
decade	1960s	prod	0.5	0.6	0.5455
decade	1960s	time	0.8333	1.0	0.9091
decade	1960s	micro avg	0.7521	0.8148	0.7822
decade	1970s	loc	1.0	0.8824	0.9375
decade	1970s	org	0.0	0.0	0.0
decade	1970s	pers	1.0	1.0	1.0
decade	1970s	micro avg	0.96	0.9231	0.9412
decade	1980s	loc	0.9333	0.9333	0.9333
decade	1980s	org	0.6	0.5455	0.5714
decade	1980s	pers	0.7917	0.8261	0.8085
decade	1980s	micro avg	0.7959	0.7959	0.7959
decade	1990s	loc	0.9167	1.0	0.9565
decade	1990s	org	0.0	0.0	0.0
decade	1990s	pers	1.0	1.0	1.0
decade	1990s	micro avg	0.9333	0.875	0.9032
decade	2000s	loc	1.0	1.0	1.0
decade	2000s	org	1.0	0.9444	0.9714
decade	2000s	pers	0.7333	0.6875	0.7097
decade	2000s	micro avg	0.9048	0.8636	0.8837
decade	2010s	loc	1.0	0.8889	0.9412
decade	2010s	org	0.0	0.0	0.0
decade	2010s	pers	0.0	0.0	0.0
decade	2010s	micro avg	1.0	0.6154	0.7619
