checkpoint	accuracy	temporal_fusion_strategy	use_relative_year	max_sequence_len	model_name_or_path	run_id
experiments/model_dbmdz_bert_base_historic_multilingual_cased_max_sequence_length_512_epochs_3_run_time-swiglu.early-cross-attention.False	0.003419972640218878	early-cross-attention	False	512	dbmdz/bert-base-historic-multilingual-cased	0
experiments/model_dbmdz_bert_base_historic_multilingual_cased_max_sequence_length_512_epochs_3_run_time-swiglu.late-cross-attention.False	0.8467852257181943	late-cross-attention	False	512	dbmdz/bert-base-historic-multilingual-cased	0
experiments/model_dbmdz_bert_base_historic_multilingual_cased_max_sequence_length_512_epochs_3_run_time-swiglu.baseline.False	0.0013679890560875513	baseline	False	512	dbmdz/bert-base-historic-multilingual-cased	0
experiments/model_dbmdz_bert_base_historic_multilingual_cased_max_sequence_length_512_epochs_3_run_time-swiglu.late-cross-attention.True	1.0	late-cross-attention	True	512	dbmdz/bert-base-historic-multilingual-cased	0
experiments/model_dbmdz_bert_base_historic_multilingual_cased_max_sequence_length_512_epochs_3_run_time-swiglu.early-cross-attention.True	0.0280437756497948	early-cross-attention	True	512	dbmdz/bert-base-historic-multilingual-cased	0
experiments/model_dbmdz_bert_base_historic_multilingual_cased_max_sequence_length_512_epochs_3_run_time-swiglu.relative.False	0.9398084815321477	relative	False	512	dbmdz/bert-base-historic-multilingual-cased	0
experiments/model_dbmdz_bert_base_historic_multilingual_cased_max_sequence_length_512_epochs_1_run_time-swiglu.adapter.False	0.9158686730506156	adapter	False	512	dbmdz/bert-base-historic-multilingual-cased	0
experiments/model_dbmdz_bert_base_historic_multilingual_cased_max_sequence_length_512_epochs_3_run_time-swiglu.baseline.True	0.0013679890560875513	baseline	True	512	dbmdz/bert-base-historic-multilingual-cased	0
experiments/model_dbmdz_bert_base_historic_multilingual_cased_max_sequence_length_512_epochs_3_run_time-swiglu.concat.True	1.0	concat	True	512	dbmdz/bert-base-historic-multilingual-cased	0
experiments/model_dbmdz_bert_base_historic_multilingual_cased_max_sequence_length_512_epochs_3_run_time-swiglu.film.True	1.0	film	True	512	dbmdz/bert-base-historic-multilingual-cased	0
experiments/model_dbmdz_bert_base_historic_multilingual_cased_max_sequence_length_512_epochs_3_run_time-swiglu.adapter.True	1.0	adapter	True	512	dbmdz/bert-base-historic-multilingual-cased	0
experiments/model_dbmdz_bert_base_historic_multilingual_cased_max_sequence_length_512_epochs_3_run_time-swiglu.relative.True	1.0	relative	True	512	dbmdz/bert-base-historic-multilingual-cased	0
experiments/model_bert_base_multilingual_cased_max_sequence_length_512_epochs_3_run_time-swiglu.early-cross-attention.True	0.019835841313269494	early-cross-attention	True	512	bert-base-multilingual-cased	0
experiments/model_bert_base_multilingual_cased_max_sequence_length_512_epochs_3_run_time-swiglu.late-cross-attention.True	1.0	late-cross-attention	True	512	bert-base-multilingual-cased	0
experiments/model_bert_base_multilingual_cased_max_sequence_length_512_epochs_3_run_time-swiglu.baseline.True	0.0027359781121751026	baseline	True	512	bert-base-multilingual-cased	0
experiments/model_dbmdz_bert_base_historic_multilingual_cased_max_sequence_length_512_epochs_3_run_time-swiglu.concat.False	0.93296853625171	concat	False	512	dbmdz/bert-base-historic-multilingual-cased	0
experiments/model_bert_base_multilingual_cased_max_sequence_length_512_epochs_3_run_time-swiglu.concat.True	1.0	concat	True	512	bert-base-multilingual-cased	0
experiments/model_dbmdz_bert_base_historic_multilingual_cased_max_sequence_length_512_epochs_3_run_time-swiglu.film.False	0.9432284541723667	film	False	512	dbmdz/bert-base-historic-multilingual-cased	0
experiments/model_bert_base_multilingual_cased_max_sequence_length_512_epochs_3_run_time-swiglu.film.True	1.0	film	True	512	bert-base-multilingual-cased	0
experiments/model_dbmdz_bert_base_historic_multilingual_cased_max_sequence_length_512_epochs_3_run_time-swiglu.adapter.False	0.9021887824897401	adapter	False	512	dbmdz/bert-base-historic-multilingual-cased	0
experiments/model_bert_base_multilingual_cased_max_sequence_length_512_epochs_3_run_time-swiglu.adapter.True	1.0	adapter	True	512	bert-base-multilingual-cased	0
experiments/model_bert_base_multilingual_cased_max_sequence_length_512_epochs_3_run_time-swiglu.relative.True	1.0	relative	True	512	bert-base-multilingual-cased	0
experiments/model_bert_base_multilingual_cased_max_sequence_length_512_epochs_3_run_time-swiglu.early-cross-attention.False	0.0006839945280437756	early-cross-attention	False	512	bert-base-multilingual-cased	0
experiments/model_bert_base_multilingual_cased_max_sequence_length_512_epochs_3_run_time-swiglu.late-cross-attention.False	0.8221614227086184	late-cross-attention	False	512	bert-base-multilingual-cased	0
experiments/model_bert_base_multilingual_cased_max_sequence_length_512_epochs_3_run_time-swiglu.baseline.False	0.0006839945280437756	baseline	False	512	bert-base-multilingual-cased	0
experiments/model_bert_base_multilingual_cased_max_sequence_length_512_epochs_3_run_time-swiglu.concat.False	0.9445964432284542	concat	False	512	bert-base-multilingual-cased	0
experiments/model_bert_base_multilingual_cased_max_sequence_length_512_epochs_3_run_time-swiglu.film.False	0.9432284541723667	film	False	512	bert-base-multilingual-cased	0
experiments/model_bert_base_multilingual_cased_max_sequence_length_512_epochs_3_run_time-swiglu.adapter.False	0.8974008207934336	adapter	False	512	bert-base-multilingual-cased	0
experiments/model_bert_base_multilingual_cased_max_sequence_length_512_epochs_3_run_time-swiglu.relative.False	0.9240766073871409	relative	False	512	bert-base-multilingual-cased	0
