checkpoint	temporal_fusion_strategy	use_relative_year	max_sequence_len	model_name_or_path	mean_accuracy	std_accuracy
experiments/model_bert_base_multilingual_cased_max_sequence_length_512_epochs_3_run_time-swiglu.adapter.False	adapter	False	512	bert-base-multilingual-cased	0.8974008207934336	
experiments/model_bert_base_multilingual_cased_max_sequence_length_512_epochs_3_run_time-swiglu.adapter.True	adapter	True	512	bert-base-multilingual-cased	1.0	
experiments/model_bert_base_multilingual_cased_max_sequence_length_512_epochs_3_run_time-swiglu.baseline.False	baseline	False	512	bert-base-multilingual-cased	0.0006839945280437756	
experiments/model_bert_base_multilingual_cased_max_sequence_length_512_epochs_3_run_time-swiglu.baseline.True	baseline	True	512	bert-base-multilingual-cased	0.0027359781121751026	
experiments/model_bert_base_multilingual_cased_max_sequence_length_512_epochs_3_run_time-swiglu.concat.False	concat	False	512	bert-base-multilingual-cased	0.9445964432284542	
experiments/model_bert_base_multilingual_cased_max_sequence_length_512_epochs_3_run_time-swiglu.concat.True	concat	True	512	bert-base-multilingual-cased	1.0	
experiments/model_bert_base_multilingual_cased_max_sequence_length_512_epochs_3_run_time-swiglu.early-cross-attention.False	early-cross-attention	False	512	bert-base-multilingual-cased	0.0006839945280437756	
experiments/model_bert_base_multilingual_cased_max_sequence_length_512_epochs_3_run_time-swiglu.early-cross-attention.True	early-cross-attention	True	512	bert-base-multilingual-cased	0.019835841313269494	
experiments/model_bert_base_multilingual_cased_max_sequence_length_512_epochs_3_run_time-swiglu.film.False	film	False	512	bert-base-multilingual-cased	0.9432284541723667	
experiments/model_bert_base_multilingual_cased_max_sequence_length_512_epochs_3_run_time-swiglu.film.True	film	True	512	bert-base-multilingual-cased	1.0	
experiments/model_bert_base_multilingual_cased_max_sequence_length_512_epochs_3_run_time-swiglu.late-cross-attention.False	late-cross-attention	False	512	bert-base-multilingual-cased	0.8221614227086184	
experiments/model_bert_base_multilingual_cased_max_sequence_length_512_epochs_3_run_time-swiglu.late-cross-attention.True	late-cross-attention	True	512	bert-base-multilingual-cased	1.0	
experiments/model_bert_base_multilingual_cased_max_sequence_length_512_epochs_3_run_time-swiglu.relative.False	relative	False	512	bert-base-multilingual-cased	0.9240766073871409	
experiments/model_bert_base_multilingual_cased_max_sequence_length_512_epochs_3_run_time-swiglu.relative.True	relative	True	512	bert-base-multilingual-cased	1.0	
experiments/model_dbmdz_bert_base_historic_multilingual_cased_max_sequence_length_512_epochs_1_run_time-swiglu.adapter.False	adapter	False	512	dbmdz/bert-base-historic-multilingual-cased	0.9158686730506156	
experiments/model_dbmdz_bert_base_historic_multilingual_cased_max_sequence_length_512_epochs_3_run_time-swiglu.adapter.False	adapter	False	512	dbmdz/bert-base-historic-multilingual-cased	0.9021887824897401	
experiments/model_dbmdz_bert_base_historic_multilingual_cased_max_sequence_length_512_epochs_3_run_time-swiglu.adapter.True	adapter	True	512	dbmdz/bert-base-historic-multilingual-cased	1.0	
experiments/model_dbmdz_bert_base_historic_multilingual_cased_max_sequence_length_512_epochs_3_run_time-swiglu.baseline.False	baseline	False	512	dbmdz/bert-base-historic-multilingual-cased	0.0013679890560875513	
experiments/model_dbmdz_bert_base_historic_multilingual_cased_max_sequence_length_512_epochs_3_run_time-swiglu.baseline.True	baseline	True	512	dbmdz/bert-base-historic-multilingual-cased	0.0013679890560875513	
experiments/model_dbmdz_bert_base_historic_multilingual_cased_max_sequence_length_512_epochs_3_run_time-swiglu.concat.False	concat	False	512	dbmdz/bert-base-historic-multilingual-cased	0.93296853625171	
experiments/model_dbmdz_bert_base_historic_multilingual_cased_max_sequence_length_512_epochs_3_run_time-swiglu.concat.True	concat	True	512	dbmdz/bert-base-historic-multilingual-cased	1.0	
experiments/model_dbmdz_bert_base_historic_multilingual_cased_max_sequence_length_512_epochs_3_run_time-swiglu.early-cross-attention.False	early-cross-attention	False	512	dbmdz/bert-base-historic-multilingual-cased	0.003419972640218878	
experiments/model_dbmdz_bert_base_historic_multilingual_cased_max_sequence_length_512_epochs_3_run_time-swiglu.early-cross-attention.True	early-cross-attention	True	512	dbmdz/bert-base-historic-multilingual-cased	0.0280437756497948	
experiments/model_dbmdz_bert_base_historic_multilingual_cased_max_sequence_length_512_epochs_3_run_time-swiglu.film.False	film	False	512	dbmdz/bert-base-historic-multilingual-cased	0.9432284541723667	
experiments/model_dbmdz_bert_base_historic_multilingual_cased_max_sequence_length_512_epochs_3_run_time-swiglu.film.True	film	True	512	dbmdz/bert-base-historic-multilingual-cased	1.0	
experiments/model_dbmdz_bert_base_historic_multilingual_cased_max_sequence_length_512_epochs_3_run_time-swiglu.late-cross-attention.False	late-cross-attention	False	512	dbmdz/bert-base-historic-multilingual-cased	0.8467852257181943	
experiments/model_dbmdz_bert_base_historic_multilingual_cased_max_sequence_length_512_epochs_3_run_time-swiglu.late-cross-attention.True	late-cross-attention	True	512	dbmdz/bert-base-historic-multilingual-cased	1.0	
experiments/model_dbmdz_bert_base_historic_multilingual_cased_max_sequence_length_512_epochs_3_run_time-swiglu.relative.False	relative	False	512	dbmdz/bert-base-historic-multilingual-cased	0.9398084815321477	
experiments/model_dbmdz_bert_base_historic_multilingual_cased_max_sequence_length_512_epochs_3_run_time-swiglu.relative.True	relative	True	512	dbmdz/bert-base-historic-multilingual-cased	1.0	
