split	year	entity_type	count
train	1798	LOC	19
train	1798	ORG	5
train	1798	PERS	15
train	1798	TIME	1
train	1808	LOC	201
train	1808	ORG	4
train	1808	PERS	56
train	1808	TIME	8
train	1818	LOC	53
train	1818	PERS	22
train	1818	PROD	1
train	1818	TIME	8
train	1828	LOC	159
train	1828	ORG	30
train	1828	PERS	161
train	1828	TIME	52
train	1838	LOC	58
train	1838	ORG	1
train	1838	PERS	45
train	1838	TIME	2
train	1848	LOC	211
train	1848	ORG	11
train	1848	PERS	40
train	1848	PROD	3
train	1848	TIME	10
train	1858	LOC	84
train	1858	ORG	9
train	1858	PERS	28
train	1858	PROD	13
train	1858	TIME	6
train	1868	LOC	95
train	1868	ORG	32
train	1868	PERS	33
train	1868	PROD	3
train	1868	TIME	6
train	1878	LOC	98
train	1878	ORG	6
train	1878	PERS	43
train	1878	PROD	8
train	1878	TIME	1
train	1888	LOC	197
train	1888	ORG	36
train	1888	PERS	131
train	1888	PROD	38
train	1888	TIME	29
train	1898	LOC	214
train	1898	ORG	21
train	1898	PERS	100
train	1898	PROD	13
train	1898	TIME	15
train	1908	LOC	180
train	1908	ORG	25
train	1908	PERS	143
train	1908	PROD	12
train	1908	TIME	3
train	1918	LOC	244
train	1918	ORG	57
train	1918	PERS	141
train	1918	PROD	19
train	1918	TIME	15
train	1928	LOC	211
train	1928	ORG	43
train	1928	PERS	87
train	1928	PROD	30
train	1928	TIME	1
train	1938	LOC	270
train	1938	ORG	101
train	1938	PERS	335
train	1938	PROD	19
train	1938	TIME	20
train	1948	LOC	128
train	1948	ORG	78
train	1948	PERS	235
train	1948	PROD	10
train	1948	TIME	28
train	1958	LOC	111
train	1958	ORG	26
train	1958	PERS	113
train	1958	PROD	14
train	1958	TIME	9
train	1968	LOC	156
train	1968	ORG	40
train	1968	PERS	203
train	1968	PROD	7
train	1968	TIME	7
train	1978	LOC	140
train	1978	ORG	98
train	1978	PERS	248
train	1978	PROD	6
train	1978	TIME	31
train	1988	LOC	112
train	1988	ORG	167
train	1988	PERS	155
train	1988	PROD	3
train	1988	TIME	11
train	1998	LOC	89
train	1998	ORG	28
train	1998	PERS	75
train	1998	TIME	1
train	2008	LOC	52
train	2008	ORG	18
train	2008	PERS	114
train	2008	PROD	1
train	2008	TIME	12
train	2018	LOC	6
train	2018	PERS	3
